Position,Mutability,Shannon_entropy,Gap_percentage,A_percentage,T_percentage,G_percentage,C_percentage
1,0.01013215859030837,0.0508923824250578,99.4273127753304,0.5726872246696035,0.0,0.0,0.0
2,0.010572687224669603,0.054145824504054994,99.38325991189427,0.0,0.0,0.6167400881057269,0.0
3,0.011013215859030838,0.055755202360281406,99.36123348017621,0.0,0.0,0.0,0.6387665198237885
4,0.011013215859030838,0.055755202360281406,99.36123348017621,0.6387665198237885,0.0,0.0,0.0
5,0.01145374449339207,0.05874678092663162,99.33920704845815,0.022026431718061675,0.0,0.6387665198237885,0.0
6,0.01145374449339207,0.0589412324772698,99.31718061674009,0.6828193832599119,0.0,0.0,0.0
7,0.01145374449339207,0.0589412324772698,99.31718061674009,0.6828193832599119,0.0,0.0,0.0
8,0.01145374449339207,0.062085949072340794,99.27312775330397,0.0,0.0,0.7268722466960352,0.0
9,0.01145374449339207,0.062085949072340794,99.27312775330397,0.0,0.0,0.0,0.7268722466960352
10,0.01145374449339207,0.062085949072340794,99.27312775330397,0.7268722466960352,0.0,0.0,0.0
11,0.011894273127753305,0.06606072718954648,99.2511013215859,0.0,0.0,0.04405286343612335,0.7048458149779736
12,0.011894273127753305,0.06364360458987431,99.2511013215859,0.0,0.0,0.7488986784140969,0.0
13,0.011894273127753305,0.06364360458987431,99.2511013215859,0.0,0.0,0.0,0.7488986784140969
14,0.011894273127753305,0.06364360458987431,99.2511013215859,0.7488986784140969,0.0,0.0,0.0
15,0.011894273127753305,0.06364360458987431,99.2511013215859,0.0,0.0,0.0,0.7488986784140969
16,0.06960352422907488,0.2845226680439177,95.04405286343612,0.0,4.955947136563877,0.0,0.0
17,0.1590308370044053,0.6043006291778088,85.22026431718062,0.0,14.779735682819384,0.0,0.0
18,0.27224669603524226,0.9452925397207873,35.17621145374449,0.0,64.73568281938326,0.0,0.0881057268722467
19,0.2696035242290749,0.9436167320973361,34.75770925110132,0.0,0.11013215859030838,0.0,65.13215859030838
20,0.2740088105726872,0.9214073222125815,32.68722466960352,0.0,67.22466960352423,0.0,0.0881057268722467
21,0.273568281938326,0.9139067179474306,31.916299559471366,0.06607929515418502,67.99559471365639,0.022026431718061675,0.0
22,0.2513215859030837,0.8298435987649315,26.013215859030836,73.9647577092511,0.0,0.022026431718061675,0.0
23,0.2420704845814978,0.8193736928356,25.33039647577093,74.64757709251101,0.0,0.022026431718061675,0.0
24,0.2341409691629956,0.8458269239688819,23.237885462555067,75.96916299559471,0.0,0.7929515418502203,0.0
25,0.0,0.0,0.0,100.0,0.0,0.0,0.0
26,0.0,0.0,0.0,0.0,100.0,0.0,0.0
27,0.0,0.0,0.0,0.0,0.0,100.0,0.0
28,0.0,0.0,0.0,0.0,100.0,0.0,0.0
29,0.0,0.0,0.0,0.0,0.0,0.0,100.0
30,0.013215859030837005,0.05735354986725806,0.0,0.6607929515418502,0.0,99.33920704845815,0.0
31,0.007488986784140969,0.0355764479057821,0.0,0.0,0.3744493392070484,0.0,99.62555066079295
32,0.0,0.0,0.0,0.0,100.0,0.0,0.0
33,0.003524229074889868,0.020422730887841856,0.0,0.0881057268722467,0.0881057268722467,99.82378854625551,0.0
34,0.0,0.0,0.0,0.0,100.0,0.0,0.0
35,0.0,0.0,0.0,0.0,100.0,0.0,0.0
36,0.0022026431718061676,0.014544390369235495,0.0,0.0,99.86784140969162,0.0,0.13215859030837004
37,0.0,0.0,0.0,0.0,0.0,100.0,0.0
38,0.0,0.0,0.0,0.0,0.0,100.0,0.0
39,0.0004405286343612335,0.002993615137506825,0.0,99.97797356828194,0.0,0.022026431718061675,0.0
40,0.000881057268722467,0.005546631630905794,0.0,0.04405286343612335,0.0,99.95594713656388,0.0
41,0.0013215859030837004,0.00898063536785284,0.0,99.93392070484582,0.022026431718061675,0.022026431718061675,0.022026431718061675
42,0.0,0.0,0.0,0.0,0.0,0.0,100.0
43,0.000881057268722467,0.005546631630905794,0.0,99.95594713656388,0.0,0.0,0.04405286343612335
44,0.0004405286343612335,0.002993615137506825,0.0,0.022026431718061675,0.0,0.0,99.97797356828194
45,0.004405286343612335,0.024646655471405907,0.0,99.77973568281938,0.022026431718061675,0.1762114537444934,0.022026431718061675
46,0.0,0.0,0.0,100.0,0.0,0.0,0.0
47,0.0,0.0,0.0,0.0,100.0,0.0,0.0
48,0.0004405286343612335,0.002993615137506825,0.0,0.0,99.97797356828194,0.022026431718061675,0.0
49,0.0,0.0,0.0,0.0,0.0,100.0,0.0
50,0.0,0.0,0.0,0.0,0.0,0.0,100.0
51,0.0004405286343612335,0.002993615137506825,0.0,0.0,0.022026431718061675,0.0,99.97797356828194
52,0.0,0.0,0.0,0.0,100.0,0.0,0.0
53,0.0,0.0,0.0,100.0,0.0,0.0,0.0
54,0.0022026431718061676,0.012410185903943709,0.0,0.0,0.11013215859030838,0.0,99.8898678414097
55,0.283920704845815,0.8985892928836994,0.0,0.0,31.47577092511013,0.0,68.52422907488986
56,0.0,0.0,0.0,0.0,100.0,0.0,0.0
57,0.0,0.0,0.0,0.0,0.0,100.0,0.0
58,0.0,0.0,0.0,0.0,0.0,0.0,100.0
59,0.0,0.0,0.0,0.0,100.0,0.0,0.0
60,0.0026431718061674008,0.01662531441273229,0.0,0.0,99.84581497797357,0.0,0.15418502202643172
61,0.0,0.0,0.0,0.0,100.0,0.0,0.0
62,0.0,0.0,0.0,0.0,0.0,0.0,100.0
63,0.0004405286343612335,0.002993615137506825,0.0,99.97797356828194,0.0,0.022026431718061675,0.0
64,0.011013215859030838,0.06364360458987431,0.0,0.0,99.2511013215859,0.0,0.7488986784140969
65,0.0,0.0,0.0,0.0,100.0,0.0,0.0
66,0.16233480176211454,0.6598166700532943,0.0,17.09251101321586,0.0,82.90748898678414,0.0
67,0.0,0.0,0.0,100.0,0.0,0.0,0.0
68,0.0022026431718061676,0.012410185903943709,0.0,0.0,0.11013215859030838,0.0,99.8898678414097
69,0.0013215859030837004,0.007933303318918155,0.0,99.93392070484582,0.0,0.06607929515418502,0.0
70,0.0,0.0,0.0,0.0,0.0,100.0,0.0
71,0.0,0.0,0.0,100.0,0.0,0.0,0.0
72,0.005726872246696035,0.028315558849025525,0.0,99.7136563876652,0.0,0.28634361233480177,0.0
73,0.0004405286343612335,0.002993615137506825,0.0,0.022026431718061675,0.0,99.97797356828194,0.0
74,0.0004405286343612335,0.002993615137506825,0.0,99.97797356828194,0.0,0.022026431718061675,0.0
75,0.003524229074889868,0.0206560222963067,0.0,0.0,99.80176211453744,0.0,0.19823788546255508
76,0.0,0.0,0.0,0.0,0.0,100.0,0.0
77,0.0,0.0,0.0,0.0,0.0,100.0,0.0
78,0.0052863436123348016,0.02753687483295272,0.0,99.73568281938327,0.022026431718061675,0.2422907488986784,0.0
79,0.0,0.0,0.0,0.0,0.0,100.0,0.0
80,0.0,0.0,0.0,100.0,0.0,0.0,0.0
81,0.006167400881057269,0.030163493365334245,0.0,99.69162995594714,0.0,0.30837004405286345,0.0
82,0.001762114537444934,0.010211925892385242,0.0,0.0881057268722467,0.0,99.91189427312776,0.0
83,0.000881057268722467,0.005546631630905794,0.0,0.04405286343612335,0.0,99.95594713656388,0.0
84,0.0026431718061674008,0.0157579971983824,0.0,0.0881057268722467,0.04405286343612335,0.0,99.86784140969162
85,0.0,0.0,0.0,100.0,0.0,0.0,0.0
86,0.0,0.0,0.0,100.0,0.0,0.0,0.0
87,0.004845814977973568,0.02454403065229363,0.0,99.75770925110132,0.0,0.2422907488986784,0.0
88,0.000881057268722467,0.005987160265267027,0.0,0.022026431718061675,0.022026431718061675,99.95594713656388,0.0
89,0.0030837004405286344,0.01866061635039692,0.0,0.0,0.1762114537444934,0.0,99.82378854625551
90,0.004405286343612335,0.023649006790132602,0.0,99.77973568281938,0.0,0.19823788546255508,0.022026431718061675
91,0.0,0.0,0.0,0.0,0.0,100.0,0.0
92,0.0,0.0,0.0,100.0,0.0,0.0,0.0
93,0.007048458149779736,0.040819652463459435,0.0,99.55947136563876,0.0,0.4405286343612335,0.0
94,0.05726872246696035,0.22196540011880622,0.0,0.022026431718061675,3.502202643171806,0.0,96.47577092511013
95,0.0,0.0,0.0,0.0,100.0,0.0,0.0
96,0.004405286343612335,0.022615976848305987,0.0,99.77973568281938,0.0,0.22026431718061676,0.0
97,0.0,0.0,0.0,0.0,0.0,100.0,0.0
98,0.0004405286343612335,0.002993615137506825,0.0,0.0,0.0,0.022026431718061675,99.97797356828194
99,0.013215859030837005,0.06034505797368778,0.0,99.31718061674009,0.0,0.6607929515418502,0.022026431718061675
100,0.0,0.0,0.0,0.0,0.0,100.0,0.0
101,0.0,0.0,0.0,100.0,0.0,0.0,0.0
102,0.003964757709251102,0.026201392500758276,0.0,99.75770925110132,0.0,0.19823788546255508,0.04405286343612335
103,0.0,0.0,0.0,100.0,0.0,0.0,0.0
104,0.0,0.0,0.0,100.0,0.0,0.0,0.0
105,0.2830396475770925,0.896850804832352,0.0,68.6784140969163,0.0,31.321585903083697,0.0
106,0.007048458149779736,0.03379251607916997,0.0,0.0,99.64757709251101,0.0,0.3524229074889868
107,0.0,0.0,0.0,0.0,100.0,0.0,0.0
108,0.008370044052863436,0.04033395867385636,0.0,99.58149779735683,0.022026431718061675,0.39647577092511016,0.0
109,0.0,0.0,0.0,0.0,0.0,0.0,100.0
110,0.0,0.0,0.0,100.0,0.0,0.0,0.0
111,0.018061674008810574,0.07578650467490115,0.0,0.0,0.9251101321585903,0.0,99.0748898678414
112,0.0022026431718061676,0.013920043386823299,0.022026431718061675,0.0,99.8898678414097,0.022026431718061675,0.06607929515418502
113,0.0013215859030837004,0.008540106733491606,0.022026431718061675,0.04405286343612335,0.0,99.93392070484582,0.0
114,0.012334801762114538,0.06034505797368778,0.022026431718061675,0.0,99.31718061674009,0.0,0.6607929515418502
115,0.0,0.0,0.0,0.0,100.0,0.0,0.0
116,0.0,0.0,0.0,0.0,0.0,100.0,0.0
117,0.0,0.0,0.0,0.0,0.0,100.0,0.0
118,0.0,0.0,0.0,0.0,100.0,0.0,0.0
119,0.0004405286343612335,0.002993615137506825,0.0,0.022026431718061675,99.97797356828194,0.0,0.0
120,0.3420704845814978,0.9908779958762177,0.0,0.0,44.38325991189427,0.0,55.61674008810573
121,0.0013215859030837004,0.007933303318918155,0.0,0.06607929515418502,0.0,99.93392070484582,0.0
122,0.0,0.0,0.0,0.0,0.0,100.0,0.0
123,0.003964757709251102,0.023335493009165844,0.0,0.06607929515418502,99.80176211453744,0.022026431718061675,0.11013215859030838
124,0.0,0.0,0.0,0.0,0.0,100.0,0.0
125,0.0,0.0,0.0,0.0,0.0,100.0,0.0
126,0.027753303964757708,0.10969624034252275,0.0,1.3656387665198237,0.04405286343612335,98.59030837004406,0.0
127,0.0,0.0,0.0,100.0,0.0,0.0,0.0
128,0.0013215859030837004,0.007933303318918155,0.0,99.93392070484582,0.0,0.06607929515418502,0.0
129,0.006607929515418502,0.031988640170290225,0.0,99.66960352422907,0.0,0.3303964757709251,0.0
130,0.0004405286343612335,0.002993615137506825,0.022026431718061675,0.0,0.0,99.97797356828194,0.0
131,0.0004405286343612335,0.002993615137506825,0.022026431718061675,99.97797356828194,0.0,0.0,0.0
132,0.010572687224669603,0.06350995919102559,0.022026431718061675,99.27312775330397,0.0,0.7048458149779736,0.0
133,0.0004405286343612335,0.002993615137506825,0.022026431718061675,0.0,99.97797356828194,0.0,0.0
134,0.0004405286343612335,0.002993615137506825,0.022026431718061675,0.0,99.97797356828194,0.0,0.0
135,0.0030837004405286344,0.017537585216713853,0.022026431718061675,0.0,99.84581497797357,0.0,0.13215859030837004
136,0.0,0.0,0.0,0.0,0.0,100.0,0.0
137,0.0,0.0,0.0,100.0,0.0,0.0,0.0
138,0.01145374449339207,0.054145824504054994,0.0,0.0,0.6167400881057269,0.0,99.38325991189427
139,0.008370044052863436,0.03908903075987695,0.0,0.0,0.4185022026431718,0.0,99.58149779735683
140,0.0,0.0,0.0,0.0,100.0,0.0,0.0
141,0.02026431718061674,0.08312052668077569,0.0,98.9647577092511,0.0,1.0352422907488987,0.0
142,0.0,0.0,0.0,0.0,0.0,100.0,0.0
143,0.0,0.0,0.0,100.0,0.0,0.0,0.0
144,0.011894273127753305,0.05735354986725806,0.0,0.0,0.6607929515418502,0.0,99.33920704845815
145,0.0,0.0,0.0,0.0,100.0,0.0,0.0
146,0.0,0.0,0.0,0.0,0.0,0.0,100.0
147,0.24118942731277532,0.8654657542556969,0.0,27.951541850220263,71.96035242290749,0.04405286343612335,0.04405286343612335
148,0.0004405286343612335,0.002993615137506825,0.0,0.0,0.022026431718061675,99.97797356828194,0.0
149,0.0,0.0,0.0,0.0,0.0,0.0,100.0
150,0.015418502202643172,0.08771324660424412,0.0,0.3303964757709251,0.6387665198237885,0.0,99.03083700440529
151,0.004405286343612335,0.022615976848305987,0.0,0.0,99.77973568281938,0.0,0.22026431718061676
152,0.0,0.0,0.0,0.0,100.0,0.0,0.0
153,0.014537444933920705,0.062085949072340794,0.0,0.7268722466960352,0.0,99.27312775330397,0.0
154,0.0,0.0,0.0,0.0,0.0,100.0,0.0
155,0.0,0.0,0.0,100.0,0.0,0.0,0.0
156,0.004405286343612335,0.022615976848305987,0.0,99.77973568281938,0.0,0.22026431718061676,0.0
157,0.0,0.0,0.0,0.0,100.0,0.0,0.0
158,0.0,0.0,0.0,0.0,0.0,100.0,0.0
159,0.0,0.0,0.0,0.0,0.0,100.0,0.0
160,0.008370044052863436,0.03908903075987695,0.0,99.58149779735683,0.0,0.4185022026431718,0.0
161,0.0004405286343612335,0.002993615137506825,0.0,0.022026431718061675,99.97797356828194,0.0,0.0
162,0.0,0.0,0.0,100.0,0.0,0.0,0.0
163,0.0,0.0,0.0,100.0,0.0,0.0,0.0
164,0.0,0.0,0.0,100.0,0.0,0.0,0.0
165,0.006607929515418502,0.031988640170290225,0.0,99.66960352422907,0.0,0.3303964757709251,0.0
166,0.0,0.0,0.0,100.0,0.0,0.0,0.0
167,0.001762114537444934,0.010211925892385242,0.0,99.91189427312776,0.0,0.0,0.0881057268722467
168,0.0004405286343612335,0.002993615137506825,0.0,0.0,0.022026431718061675,0.0,99.97797356828194
169,0.0,0.0,0.0,100.0,0.0,0.0,0.0
170,0.0013215859030837004,0.007933303318918155,0.0,99.93392070484582,0.0,0.06607929515418502,0.0
171,0.0013215859030837004,0.007933303318918155,0.0,99.93392070484582,0.0,0.06607929515418502,0.0
172,0.0,0.0,0.0,100.0,0.0,0.0,0.0
173,0.0013215859030837004,0.007933303318918155,0.0,0.06607929515418502,0.0,99.93392070484582,0.0
174,0.014537444933920705,0.06519184193584726,0.0,99.22907488986785,0.0,0.7709251101321586,0.0
175,0.0004405286343612335,0.002993615137506825,0.0,0.022026431718061675,99.97797356828194,0.0,0.0
176,0.001762114537444934,0.010211925892385242,0.0,0.0881057268722467,0.0,99.91189427312776,0.0
177,0.004405286343612335,0.023649006790132602,0.0,0.0,0.19823788546255508,0.022026431718061675,99.77973568281938
178,0.009251101321585903,0.05874678092663162,0.0,0.022026431718061675,99.33920704845815,0.0,0.6387665198237885
179,0.0,0.0,0.0,0.0,100.0,0.0,0.0
180,0.02026431718061674,0.08600523332173393,0.0,98.92070484581498,0.0,1.079295154185022,0.0
181,0.0004405286343612335,0.002993615137506825,0.0,99.97797356828194,0.0,0.022026431718061675,0.0
182,0.0,0.0,0.0,0.0,0.0,0.0,100.0
183,0.015859030837004406,0.07640660076710648,0.0,0.4185022026431718,99.18502202643171,0.0,0.39647577092511016
184,0.0,0.0,0.0,0.0,0.0,100.0,0.0
185,0.0,0.0,0.0,100.0,0.0,0.0,0.0
186,0.032158590308370046,0.15507633003479077,0.0,0.0,97.7533039647577,0.0,2.246696035242291
187,0.0026431718061674008,0.014544390369235495,0.0,99.86784140969162,0.0,0.13215859030837004,0.0
188,0.0004405286343612335,0.002993615137506825,0.0,0.0,99.97797356828194,0.0,0.022026431718061675
189,0.000881057268722467,0.005987160265267027,0.0,99.95594713656388,0.022026431718061675,0.0,0.022026431718061675
190,0.000881057268722467,0.005546631630905794,0.0,0.04405286343612335,0.0,0.0,99.95594713656388
191,0.0,0.0,0.0,100.0,0.0,0.0,0.0
192,0.34185022026431716,1.0010318925210515,0.0,47.53303964757709,0.0,52.44493392070485,0.022026431718061675
193,0.0,0.0,0.0,100.0,0.0,0.0,0.0
194,0.0,0.0,0.0,100.0,0.0,0.0,0.0
195,0.02643171806167401,0.13920862305844034,0.0,98.03964757709251,0.0,1.960352422907489,0.0
196,0.0,0.0,0.0,0.0,0.0,100.0,0.0
197,0.0,0.0,0.0,0.0,0.0,0.0,100.0
198,0.0022026431718061676,0.013205260898313052,0.0,99.8898678414097,0.0,0.0881057268722467,0.022026431718061675
199,0.013215859030837005,0.060518592051322984,0.0,0.0,0.7048458149779736,0.0,99.29515418502203
200,0.0,0.0,0.0,0.0,100.0,0.0,0.0
201,0.011894273127753305,0.055755202360281406,0.0,99.36123348017621,0.0,0.6387665198237885,0.0
202,0.0022026431718061676,0.012410185903943709,0.0,99.8898678414097,0.0,0.11013215859030838,0.0
203,0.0,0.0,0.0,0.0,100.0,0.0,0.0
204,0.0030837004405286344,0.017537585216713853,0.0,0.0,99.84581497797357,0.022026431718061675,0.13215859030837004
205,0.0,0.0,0.0,0.0,0.0,100.0,0.0
206,0.0,0.0,0.0,0.0,0.0,100.0,0.0
207,0.030837004405286344,0.15868408879725532,0.0,0.2422907488986784,97.88546255506608,0.0,1.8722466960352422
208,0.0,0.0,0.0,0.0,0.0,100.0,0.0
209,0.0004405286343612335,0.002993615137506825,0.0,0.0,0.022026431718061675,0.0,99.97797356828194
210,0.06894273127753305,0.4068366958736609,0.0,6.101321585903084,0.8149779735682819,0.06607929515418502,93.01762114537445
211,0.0,0.0,0.0,0.0,100.0,0.0,0.0
212,0.0,0.0,0.0,0.0,0.0,0.0,100.0
213,0.007929515418502203,0.04156122337092814,0.0,0.022026431718061675,99.58149779735683,0.022026431718061675,0.3744493392070484
214,0.001762114537444934,0.010211925892385242,0.0,99.91189427312776,0.0,0.0881057268722467,0.0
215,0.0,0.0,0.0,0.0,100.0,0.0,0.0
216,0.33458149779735685,0.9927781332657064,0.0,41.541850220264315,0.13215859030837004,0.0,58.32599118942732
217,0.0,0.0,0.0,0.0,100.0,0.0,0.0
218,0.0,0.0,0.0,0.0,0.0,100.0,0.0
219,0.004405286343612335,0.022615976848305987,0.0,0.0,0.22026431718061676,0.0,99.77973568281938
220,0.0,0.0,0.0,0.0,100.0,0.0,0.0
221,0.0,0.0,0.0,0.0,100.0,0.0,0.0
222,0.004405286343612335,0.022615976848305987,0.0,0.0,99.77973568281938,0.0,0.22026431718061676
223,0.02026431718061674,0.09310444488007356,0.0,0.0,98.81057268722468,0.0,1.1894273127753305
224,0.0,0.0,0.0,0.0,100.0,0.0,0.0
225,0.04801762114537445,0.1829965191846197,0.0,97.22466960352423,0.0,2.7753303964757707,0.0
226,0.0,0.0,0.0,100.0,0.0,0.0,0.0
227,0.0,0.0,0.0,100.0,0.0,0.0,0.0
228,0.006167400881057269,0.0355764479057821,0.0,99.62555066079295,0.0,0.3744493392070484,0.0
229,0.0,0.0,0.0,0.0,0.0,0.0,100.0
230,0.0,0.0,0.0,0.0,0.0,0.0,100.0
231,0.001982378854625551,0.01540345083837429,0.0,0.11013215859030838,0.022026431718061675,0.0,99.86784140969162
232,0.0,0.0,0.0,100.0,0.0,0.0,0.0
233,0.0,0.0,0.0,100.0,0.0,0.0,0.0
234,0.019823788546255508,0.0874376844864837,0.0,98.89867841409692,0.0,1.1013215859030838,0.0
235,0.0,0.0,0.0,0.0,0.0,100.0,0.0
236,0.0,0.0,0.0,100.0,0.0,0.0,0.0
237,0.013215859030837005,0.06663483070028829,0.0,0.0,0.7488986784140969,0.022026431718061675,99.22907488986785
238,0.0,0.0,0.0,0.0,0.0,0.0,100.0
239,0.0,0.0,0.0,100.0,0.0,0.0,0.0
240,0.030176211453744495,0.14537996982239731,0.0,2.0704845814977975,0.0,97.9295154185022,0.0
241,0.0,0.0,0.0,0.0,0.0,100.0,0.0
242,0.000881057268722467,0.005546631630905794,0.0,99.95594713656388,0.0,0.04405286343612335,0.0
243,0.004845814977973568,0.02454403065229363,0.0,99.75770925110132,0.0,0.2422907488986784,0.0
244,0.0,0.0,0.0,100.0,0.0,0.0,0.0
245,0.0,0.0,0.0,0.0,0.0,100.0,0.0
246,0.01013215859030837,0.0816679952106285,0.0,98.98678414096916,0.0,1.013215859030837,0.0
247,0.0,0.0,0.0,100.0,0.0,0.0,0.0
248,0.0004405286343612335,0.002993615137506825,0.0,99.97797356828194,0.0,0.022026431718061675,0.0
249,0.00881057268722467,0.040819652463459435,0.0,99.55947136563876,0.0,0.4405286343612335,0.0
250,0.0,0.0,0.0,100.0,0.0,0.0,0.0
251,0.0,0.0,0.0,0.0,0.0,100.0,0.0
252,0.0030837004405286344,0.01662531441273229,0.0,99.84581497797357,0.0,0.15418502202643172,0.0
253,0.0,0.0,0.0,100.0,0.0,0.0,0.0
254,0.01762114537444934,0.07726790333317726,0.0,0.9471365638766519,0.0,99.05286343612335,0.0
255,0.019383259911894272,0.07874184056300762,0.0,99.03083700440529,0.0,0.9691629955947136,0.0
256,0.0,0.0,0.0,0.0,100.0,0.0,0.0
257,0.0,0.0,0.0,0.0,100.0,0.0,0.0
258,0.00881057268722467,0.04253430852417633,0.0,0.0,0.46255506607929514,0.0,99.53744493392071
259,0.0,0.0,0.0,100.0,0.0,0.0,0.0
260,0.0,0.0,0.0,0.0,100.0,0.0,0.0
261,0.0052863436123348016,0.028587433266843914,0.0,0.06607929515418502,0.19823788546255508,0.0,99.73568281938327
262,0.0,0.0,0.0,100.0,0.0,0.0,0.0
263,0.0,0.0,0.0,0.0,0.0,0.0,100.0
264,0.003524229074889868,0.02094924179655621,0.0,99.82378854625551,0.022026431718061675,0.11013215859030838,0.04405286343612335
265,0.0,0.0,0.0,0.0,0.0,100.0,0.0
266,0.0,0.0,0.0,100.0,0.0,0.0,0.0
267,0.02643171806167401,0.10821535743239838,0.0,1.4317180616740088,0.0,98.568281938326,0.0
268,0.0004405286343612335,0.002993615137506825,0.0,0.0,0.022026431718061675,0.0,99.97797356828194
269,0.0,0.0,0.0,0.0,0.0,0.0,100.0
270,0.014977973568281937,0.10374675736299907,0.0,0.19823788546255508,1.0352422907488987,0.0,98.76651982378854
271,0.10682819383259912,0.679015813750099,0.0,0.0,82.04845814977973,0.0,17.951541850220266
272,0.0,0.0,0.0,0.0,100.0,0.0,0.0
273,0.011013215859030838,0.06762794318127564,0.0,99.22907488986785,0.04405286343612335,0.7268722466960352,0.0
274,0.0004405286343612335,0.002993615137506825,0.0,0.0,99.97797356828194,0.022026431718061675,0.0
275,0.0,0.0,0.0,0.0,0.0,0.0,100.0
276,0.3114537444933921,0.9812513331157231,0.0,60.11013215859031,0.11013215859030838,39.779735682819386,0.0
277,0.0,0.0,0.0,0.0,0.0,100.0,0.0
278,0.0,0.0,0.0,0.0,0.0,100.0,0.0
279,0.01145374449339207,0.052239304876005005,0.0,99.4273127753304,0.0,0.5506607929515419,0.022026431718061675
280,0.0,0.0,0.0,100.0,0.0,0.0,0.0
281,0.000881057268722467,0.005546631630905794,0.0,0.0,99.95594713656388,0.0,0.04405286343612335
282,0.0,0.0,0.0,0.0,0.0,100.0,0.0
283,0.0004405286343612335,0.002993615137506825,0.0,0.022026431718061675,0.0,99.97797356828194,0.0
284,0.0,0.0,0.0,0.0,0.0,100.0,0.0
285,0.03590308370044053,0.16989708533473033,0.0,97.51101321585904,0.0,2.4669603524229076,0.022026431718061675
286,0.0004405286343612335,0.002993615137506825,0.0,99.97797356828194,0.0,0.022026431718061675,0.0
287,0.0,0.0,0.0,0.0,0.0,0.0,100.0
288,0.0026431718061674008,0.0157579971983824,0.0,99.86784140969162,0.0,0.0881057268722467,0.04405286343612335
289,0.0,0.0,0.0,100.0,0.0,0.0,0.0
290,0.0,0.0,0.0,0.0,0.0,0.0,100.0
291,0.004845814977973568,0.028021802744478623,0.0,99.75770925110132,0.06607929515418502,0.13215859030837004,0.04405286343612335
292,0.000881057268722467,0.005546631630905794,0.0,0.04405286343612335,0.0,99.95594713656388,0.0
293,0.0,0.0,0.0,0.0,0.0,0.0,100.0
294,0.0022026431718061676,0.012410185903943709,0.0,99.8898678414097,0.0,0.11013215859030838,0.0
295,0.0,0.0,0.0,100.0,0.0,0.0,0.0
296,0.0,0.0,0.0,0.0,0.0,0.0,100.0
297,0.0030837004405286344,0.01662531441273229,0.0,99.84581497797357,0.0,0.15418502202643172,0.0
298,0.0,0.0,0.0,100.0,0.0,0.0,0.0
299,0.0,0.0,0.0,100.0,0.0,0.0,0.0
300,0.027753303964757708,0.10821535743239838,0.0,98.568281938326,0.0,1.4317180616740088,0.0
301,0.0,0.0,0.0,100.0,0.0,0.0,0.0
302,0.000881057268722467,0.005546631630905794,0.0,99.95594713656388,0.0,0.04405286343612335,0.0
303,0.0,0.0,0.0,0.0,0.0,100.0,0.0
304,0.0,0.0,0.0,100.0,0.0,0.0,0.0
305,0.000881057268722467,0.005546631630905794,0.0,99.95594713656388,0.0,0.04405286343612335,0.0
306,0.34955947136563875,0.9989401663488628,0.0,48.08370044052863,0.0,51.91629955947137,0.0
307,0.0,0.0,0.0,0.0,0.0,100.0,0.0
308,0.0,0.0,0.0,0.0,0.0,100.0,0.0
309,0.022026431718061675,0.12259921595835067,0.0,0.6167400881057269,0.22026431718061676,0.5066079295154186,98.65638766519824
310,0.009251101321585903,0.04253430852417633,0.0,0.0,0.46255506607929514,0.0,99.53744493392071
311,0.0,0.0,0.0,0.0,100.0,0.0,0.0
312,0.007048458149779736,0.03379251607916997,0.0,0.3524229074889868,0.0,99.64757709251101,0.0
313,0.0013215859030837004,0.007933303318918155,0.0,99.93392070484582,0.0,0.06607929515418502,0.0
314,0.005726872246696035,0.03008912019942727,0.0,0.0,99.7136563876652,0.04405286343612335,0.2422907488986784
315,0.007929515418502203,0.039777432074661855,0.0,0.022026431718061675,99.60352422907489,0.022026431718061675,0.3524229074889868
316,0.004405286343612335,0.022615976848305987,0.0,0.0,0.22026431718061676,0.0,99.77973568281938
317,0.0,0.0,0.0,0.0,100.0,0.0,0.0
318,0.11740088105726872,0.6548636751066715,0.0,15.660792951541849,0.2643171806167401,84.05286343612335,0.022026431718061675
319,0.0,0.0,0.0,0.0,0.0,100.0,0.0
320,0.0,0.0,0.0,0.0,0.0,0.0,100.0
321,0.009251101321585903,0.051025963960519866,0.0,0.0,99.47136563876651,0.4405286343612335,0.0881057268722467
322,0.0,0.0,0.0,0.0,0.0,100.0,0.0
323,0.0,0.0,0.0,100.0,0.0,0.0,0.0
324,0.020704845814977973,0.08456622576019017,0.0,1.0572687224669604,0.0,98.94273127753304,0.0
325,0.0,0.0,0.0,100.0,0.0,0.0,0.0
326,0.006387665198237885,0.031988640170290225,0.0,0.3303964757709251,0.0,99.66960352422907,0.0
327,0.005726872246696035,0.031988640170290225,0.0,99.66960352422907,0.0,0.3303964757709251,0.0
328,0.0,0.0,0.0,100.0,0.0,0.0,0.0
329,0.0,0.0,0.0,100.0,0.0,0.0,0.0
330,0.00881057268722467,0.04758972208396468,0.0,99.47136563876651,0.0,0.5286343612334802,0.0
331,0.0,0.0,0.0,100.0,0.0,0.0,0.0
332,0.0004405286343612335,0.002993615137506825,0.0,0.022026431718061675,99.97797356828194,0.0,0.0
333,0.000881057268722467,0.005987160265267027,0.0,0.022026431718061675,0.022026431718061675,99.95594713656388,0.0
334,0.0004405286343612335,0.002993615137506825,0.0,99.97797356828194,0.0,0.022026431718061675,0.0
335,0.0013215859030837004,0.007933303318918155,0.0,0.06607929515418502,0.0,99.93392070484582,0.0
336,0.003524229074889868,0.01866061635039692,0.0,99.82378854625551,0.0,0.1762114537444934,0.0
337,0.0,0.0,0.0,100.0,0.0,0.0,0.0
338,0.34669603524229076,0.999932244432139,0.0,50.48458149779735,0.0,49.51541850220264,0.0
339,0.006167400881057269,0.030163493365334245,0.0,99.69162995594714,0.0,0.30837004405286345,0.0
340,0.0,0.0,0.0,0.0,100.0,0.0,0.0
341,0.0,0.0,0.0,0.0,0.0,100.0,0.0
342,0.0030837004405286344,0.01662531441273229,0.0,0.0,99.84581497797357,0.0,0.15418502202643172
343,0.0004405286343612335,0.002993615137506825,0.0,0.022026431718061675,0.0,99.97797356828194,0.0
344,0.0,0.0,0.0,0.0,100.0,0.0,0.0
345,0.07202643171806167,0.5075084316912372,0.0,0.9911894273127754,8.678414096916299,90.30837004405286,0.022026431718061675
346,0.0,0.0,0.0,100.0,0.0,0.0,0.0
347,0.0,0.0,0.0,0.0,0.0,100.0,0.0
348,0.005947136563876652,0.054145824504054994,0.0,0.0,0.6167400881057269,0.0,99.38325991189427
349,0.0,0.0,0.0,0.0,100.0,0.0,0.0
350,0.0,0.0,0.0,0.0,100.0,0.0,0.0
351,0.11365638766519824,0.6303958839615582,0.0,0.0,84.16299559471365,0.0,15.837004405286342
352,0.0013215859030837004,0.008540106733491606,0.0,0.022026431718061675,0.04405286343612335,0.0,99.93392070484582
353,0.0,0.0,0.0,100.0,0.0,0.0,0.0
354,0.02378854625550661,0.10005455687283138,0.0,0.0,98.70044052863436,0.0,1.2995594713656389
355,0.0,0.0,0.0,0.0,0.0,100.0,0.0
356,0.0,0.0,0.0,100.0,0.0,0.0,0.0
357,0.010572687224669603,0.04758972208396468,0.0,99.47136563876651,0.0,0.5286343612334802,0.0
358,0.0004405286343612335,0.002993615137506825,0.0,0.0,0.022026431718061675,99.97797356828194,0.0
359,0.0,0.0,0.0,0.0,0.0,0.0,100.0
360,0.0022026431718061676,0.013205260898313052,0.0,99.8898678414097,0.022026431718061675,0.0881057268722467,0.0
361,0.0,0.0,0.0,0.0,100.0,0.0,0.0
362,0.0,0.0,0.0,0.0,100.0,0.0,0.0
363,0.005726872246696035,0.028315558849025525,0.0,0.0,99.7136563876652,0.0,0.28634361233480177
364,0.0,0.0,0.0,0.0,0.0,100.0,0.0
365,0.0,0.0,0.0,100.0,0.0,0.0,0.0
366,0.022466960352422908,0.10821535743239838,0.0,98.568281938326,0.0,1.4317180616740088,0.0
367,0.0,0.0,0.0,100.0,0.0,0.0,0.0
368,0.0004405286343612335,0.002993615137506825,0.0,0.0,99.97797356828194,0.0,0.022026431718061675
369,0.000881057268722467,0.005546631630905794,0.0,99.95594713656388,0.0,0.04405286343612335,0.0
370,0.0,0.0,0.0,0.0,0.0,100.0,0.0
371,0.0,0.0,0.0,0.0,0.0,0.0,100.0
372,0.006607929515418502,0.035196626715845294,0.0,99.66960352422907,0.13215859030837004,0.19823788546255508,0.0
373,0.0,0.0,0.0,0.0,0.0,100.0,0.0
374,0.0,0.0,0.0,100.0,0.0,0.0,0.0
375,0.013215859030837005,0.060518592051322984,0.0,99.29515418502203,0.0,0.7048458149779736,0.0
376,0.0,0.0,0.0,0.0,0.0,100.0,0.0
377,0.0,0.0,0.0,0.0,0.0,100.0,0.0
378,0.02158590308370044,0.10188090120276891,0.0,0.022026431718061675,1.2334801762114538,0.022026431718061675,98.72246696035242
379,0.0,0.0,0.0,0.0,0.0,0.0,100.0
380,0.0,0.0,0.0,100.0,0.0,0.0,0.0
381,0.003964757709251102,0.0206560222963067,0.0,0.0,99.80176211453744,0.0,0.19823788546255508
382,0.0,0.0,0.0,0.0,0.0,100.0,0.0
383,0.0,0.0,0.0,100.0,0.0,0.0,0.0
384,0.0052863436123348016,0.026443085801313163,0.0,99.73568281938327,0.0,0.2643171806167401,0.0
385,0.0004405286343612335,0.002993615137506825,0.0,99.97797356828194,0.0,0.022026431718061675,0.0
386,0.0,0.0,0.0,0.0,0.0,100.0,0.0
387,0.004405286343612335,0.022615976848305987,0.0,0.0,0.22026431718061676,0.0,99.77973568281938
388,0.0,0.0,0.0,0.0,100.0,0.0,0.0
389,0.0,0.0,0.0,0.0,0.0,0.0,100.0
390,0.000881057268722467,0.005546631630905794,0.0,99.95594713656388,0.0,0.0,0.04405286343612335
391,0.0013215859030837004,0.008540106733491606,0.0,0.04405286343612335,0.022026431718061675,99.93392070484582,0.0
392,0.005726872246696035,0.028315558849025525,0.0,0.0,0.28634361233480177,0.0,99.7136563876652
393,0.03436123348017621,0.14826654483153887,0.0,1.828193832599119,0.15418502202643172,98.01762114537445,0.0
394,0.10991189427312775,0.56632457944959,0.0,0.06607929515418502,13.039647577092511,0.0,86.89427312775331
395,0.0,0.0,0.0,0.0,100.0,0.0,0.0
396,0.03127753303964758,0.13572292517840903,0.0,98.37004405286343,0.0,0.6167400881057269,1.013215859030837
397,0.007929515418502203,0.03856887077482578,0.0,0.022026431718061675,0.3744493392070484,0.0,99.60352422907489
398,0.0,0.0,0.0,0.0,100.0,0.0,0.0
399,0.05726872246696035,0.3545066385734729,0.0,93.5022026431718,0.04405286343612335,6.409691629955947,0.04405286343612335
400,0.0,0.0,0.0,0.0,100.0,0.0,0.0
401,0.0,0.0,0.0,100.0,0.0,0.0,0.0
402,0.3473568281938326,0.9913729280980176,0.0,0.0,55.4625550660793,0.0,44.5374449339207
403,0.0,0.0,0.0,0.0,100.0,0.0,0.0
404,0.0,0.0,0.0,0.0,0.0,100.0,0.0
405,0.011894273127753305,0.05252502472533268,0.0,0.0,99.40528634361233,0.0,0.5947136563876653
406,0.0030837004405286344,0.018144388631287305,0.0,0.06607929515418502,0.0881057268722467,0.0,99.84581497797357
407,0.0,0.0,0.0,0.0,100.0,0.0,0.0
408,0.026211453744493393,0.11867650534940957,0.0,1.3656387665198237,0.13215859030837004,0.0,98.50220264317181
409,0.0,0.0,0.0,100.0,0.0,0.0,0.0
410,0.0,0.0,0.0,0.0,100.0,0.0,0.0
411,0.0,0.0,0.0,0.0,0.0,100.0,0.0
412,0.0004405286343612335,0.002993615137506825,0.0,0.022026431718061675,0.0,99.97797356828194,0.0
413,0.0,0.0,0.0,0.0,100.0,0.0,0.0
414,0.010572687224669603,0.05395807684284103,0.0,0.39647577092511016,0.15418502202643172,0.0,99.44933920704845
415,0.0,0.0,0.0,100.0,0.0,0.0,0.0
416,0.000881057268722467,0.005546631630905794,0.0,0.0,99.95594713656388,0.0,0.04405286343612335
417,0.0,0.0,0.0,0.0,0.0,100.0,0.0
418,0.0,0.0,0.0,0.0,100.0,0.0,0.0
419,0.0,0.0,0.0,100.0,0.0,0.0,0.0
420,0.008370044052863436,0.040819652463459435,0.0,0.0,0.4405286343612335,0.0,99.55947136563876
421,0.0022026431718061676,0.013205260898313052,0.0,0.022026431718061675,0.0881057268722467,0.0,99.8898678414097
422,0.000881057268722467,0.005546631630905794,0.0,0.0,99.95594713656388,0.0,0.04405286343612335
423,0.015859030837004406,0.08300128272700467,0.0,0.881057268722467,0.0881057268722467,99.03083700440529,0.0
424,0.0,0.0,0.0,100.0,0.0,0.0,0.0
425,0.0,0.0,0.0,100.0,0.0,0.0,0.0
426,0.011233480176211454,0.08020848434986991,0.0,0.0,99.00881057268722,0.0,0.9911894273127754
427,0.0,0.0,0.0,0.0,0.0,0.0,100.0
428,0.0,0.0,0.0,0.0,0.0,0.0,100.0
429,0.003964757709251102,0.023083235954600503,0.0,0.022026431718061675,99.80176211453744,0.04405286343612335,0.13215859030837004
430,0.0004405286343612335,0.002993615137506825,0.0,0.022026431718061675,0.0,99.97797356828194,0.0
431,0.0,0.0,0.0,0.0,0.0,100.0,0.0
432,0.017841409691629957,0.08886370896893221,0.0,98.87665198237885,0.0,1.1233480176211454,0.0
433,0.0,0.0,0.0,100.0,0.0,0.0,0.0
434,0.0004405286343612335,0.002993615137506825,0.0,99.97797356828194,0.0,0.022026431718061675,0.0
435,0.004845814977973568,0.02454403065229363,0.0,0.0,99.75770925110132,0.0,0.2422907488986784
436,0.0,0.0,0.0,0.0,100.0,0.0,0.0
437,0.0,0.0,0.0,100.0,0.0,0.0,0.0
438,0.01145374449339207,0.05252502472533268,0.0,0.0,99.40528634361233,0.0,0.5947136563876653
439,0.001762114537444934,0.010211925892385242,0.0,0.0,99.91189427312776,0.0,0.0881057268722467
440,0.0,0.0,0.0,0.0,0.0,0.0,100.0
441,0.1248898678414097,0.5591271743298503,0.0,86.93832599118943,0.0,13.061674008810572,0.0
442,0.003964757709251102,0.0206560222963067,0.0,99.80176211453744,0.0,0.19823788546255508,0.0
443,0.0022026431718061676,0.012410185903943709,0.0,0.0,99.8898678414097,0.0,0.11013215859030838
444,0.0,0.0,0.0,0.0,0.0,100.0,0.0
445,0.0,0.0,0.0,0.0,0.0,0.0,100.0
446,0.0,0.0,0.0,100.0,0.0,0.0,0.0
447,0.0026431718061674008,0.014544390369235495,0.0,99.86784140969162,0.0,0.13215859030837004,0.0
448,0.0,0.0,0.0,0.0,0.0,100.0,0.0
449,0.0,0.0,0.0,0.0,100.0,0.0,0.0
450,0.024229074889867842,0.10329251168018726,0.0,98.7885462555066,0.1762114537444934,1.013215859030837,0.022026431718061675
451,0.0,0.0,0.0,100.0,0.0,0.0,0.0
452,0.0,0.0,0.0,100.0,0.0,0.0,0.0
453,0.003524229074889868,0.01866061635039692,0.0,99.82378854625551,0.0,0.1762114537444934,0.0
454,0.003524229074889868,0.01866061635039692,0.0,0.0,0.1762114537444934,0.0,99.82378854625551
455,0.0,0.0,0.0,0.0,100.0,0.0,0.0
456,0.010572687224669603,0.050581652715761094,0.0,99.44933920704845,0.0,0.5286343612334802,0.022026431718061675
457,0.0,0.0,0.0,0.0,0.0,100.0,0.0
458,0.0,0.0,0.0,0.0,0.0,100.0,0.0
459,0.007048458149779736,0.034981203538613184,0.0,99.64757709251101,0.022026431718061675,0.3303964757709251,0.0
460,0.0022026431718061676,0.012410185903943709,0.0,99.8898678414097,0.0,0.11013215859030838,0.0
461,0.0,0.0,0.0,0.0,0.0,0.0,100.0
462,0.22665198237885462,0.8176181127974909,0.0,24.779735682819386,0.0881057268722467,75.13215859030838,0.0
463,0.0,0.0,0.0,0.0,0.0,0.0,100.0
464,0.0,0.0,0.0,0.0,100.0,0.0,0.0
465,0.014096916299559472,0.06841718216988124,0.0,0.13215859030837004,0.5726872246696035,0.022026431718061675,99.27312775330397
466,0.0,0.0,0.0,0.0,100.0,0.0,0.0
467,0.0,0.0,0.0,0.0,0.0,100.0,0.0
468,0.019823788546255508,0.08456622576019017,0.0,0.0,98.94273127753304,0.0,1.0572687224669604
469,0.0004405286343612335,0.002993615137506825,0.0,0.0,0.022026431718061675,99.97797356828194,0.0
470,0.0,0.0,0.0,0.0,0.0,0.0,100.0
471,0.011894273127753305,0.05479056609406518,0.0,0.0,99.40528634361233,0.04405286343612335,0.5506607929515419
472,0.0013215859030837004,0.007933303318918155,0.0,0.0,99.93392070484582,0.0,0.06607929515418502
473,0.0,0.0,0.0,0.0,100.0,0.0,0.0
474,0.3218061674008811,0.9644289786962492,0.0,38.942731277533035,0.0,61.057268722466965,0.0
475,0.0,0.0,0.0,0.0,100.0,0.0,0.0
476,0.0,0.0,0.0,0.0,0.0,100.0,0.0
477,0.06585903083700441,0.44334332497769946,0.0,0.0,9.20704845814978,0.0,90.79295154185021
478,0.0,0.0,0.0,0.0,0.0,100.0,0.0
479,0.0,0.0,0.0,100.0,0.0,0.0,0.0
480,0.3502202643171806,0.9982117459305868,0.0,47.51101321585903,0.0,52.48898678414097,0.0
481,0.0,0.0,0.0,100.0,0.0,0.0,0.0
482,0.0,0.0,0.0,100.0,0.0,0.0,0.0
483,0.005726872246696035,0.028315558849025525,0.0,99.7136563876652,0.0,0.28634361233480177,0.0
484,0.0,0.0,0.0,0.0,0.0,0.0,100.0
485,0.0,0.0,0.0,100.0,0.0,0.0,0.0
486,0.0052863436123348016,0.026443085801313163,0.0,99.73568281938327,0.0,0.2643171806167401,0.0
487,0.0,0.0,0.0,0.0,0.0,100.0,0.0
488,0.0,0.0,0.0,0.0,0.0,0.0,100.0
489,0.007048458149779736,0.03994285319692939,0.0,99.62555066079295,0.11013215859030838,0.2422907488986784,0.022026431718061675
490,0.0004405286343612335,0.002993615137506825,0.0,0.0,99.97797356828194,0.022026431718061675,0.0
491,0.0,0.0,0.0,0.0,0.0,0.0,100.0
492,0.0013215859030837004,0.00898063536785284,0.0,99.93392070484582,0.022026431718061675,0.022026431718061675,0.022026431718061675
493,0.000881057268722467,0.005546631630905794,0.0,0.0,0.04405286343612335,0.0,99.95594713656388
494,0.0,0.0,0.0,100.0,0.0,0.0,0.0
495,0.01145374449339207,0.054145824504054994,0.0,0.0,99.38325991189427,0.0,0.6167400881057269
496,0.0,0.0,0.0,0.0,100.0,0.0,0.0
497,0.0030837004405286344,0.01662531441273229,0.0,0.0,0.15418502202643172,0.0,99.84581497797357
498,0.0022026431718061676,0.012410185903943709,0.0,99.8898678414097,0.0,0.11013215859030838,0.0
499,0.0026431718061674008,0.01540345083837429,0.0,0.022026431718061675,0.11013215859030838,0.0,99.86784140969162
500,0.0004405286343612335,0.002993615137506825,0.0,99.97797356828194,0.0,0.0,0.022026431718061675
501,0.011013215859030838,0.05653525825025741,0.0,0.3303964757709251,0.15418502202643172,0.06607929515418502,99.44933920704845
502,0.001762114537444934,0.010211925892385242,0.0,99.91189427312776,0.0,0.0,0.0881057268722467
503,0.000881057268722467,0.005546631630905794,0.0,0.04405286343612335,0.0,99.95594713656388,0.0
504,0.30352422907488985,0.9692509280980135,0.0,39.713656387665196,0.0,60.286343612334804,0.0
505,0.0,0.0,0.0,0.0,0.0,100.0,0.0
506,0.0,0.0,0.0,0.0,0.0,0.0,100.0
507,0.01013215859030837,0.052239304876005005,0.0,0.022026431718061675,99.4273127753304,0.0,0.5506607929515419
508,0.0,0.0,0.0,0.0,0.0,0.0,100.0
509,0.0,0.0,0.0,100.0,0.0,0.0,0.0
510,0.018061674008810574,0.07874184056300762,0.0,0.0,99.03083700440529,0.0,0.9691629955947136
511,0.0,0.0,0.0,100.0,0.0,0.0,0.0
512,0.000881057268722467,0.005546631630905794,0.0,0.04405286343612335,0.0,99.95594713656388,0.0
513,0.008370044052863436,0.040819652463459435,0.0,0.0,0.4405286343612335,0.0,99.55947136563876
514,0.0,0.0,0.0,100.0,0.0,0.0,0.0
515,0.0004405286343612335,0.002993615137506825,0.0,0.022026431718061675,0.0,99.97797356828194,0.0
516,0.026872246696035242,0.11222771086555278,0.0,98.50220264317181,0.0,1.4977973568281937,0.0
517,0.0,0.0,0.0,0.0,0.0,100.0,0.0
518,0.0,0.0,0.0,0.0,0.0,0.0,100.0
519,0.013656387665198238,0.08256805337147106,0.0,99.11894273127754,0.15418502202643172,0.6387665198237885,0.0881057268722467
520,0.0,0.0,0.0,0.0,0.0,100.0,0.0
521,0.001762114537444934,0.01092670838089549,0.0,0.022026431718061675,0.06607929515418502,0.0,99.91189427312776
522,0.06145374449339207,0.2488057127035767,0.0,3.920704845814978,0.0881057268722467,95.99118942731278,0.0
523,0.0,0.0,0.0,100.0,0.0,0.0,0.0
524,0.006167400881057269,0.031988640170290225,0.0,0.3303964757709251,0.0,99.66960352422907,0.0
525,0.004845814977973568,0.02454403065229363,0.0,99.75770925110132,0.0,0.2422907488986784,0.0
526,0.0,0.0,0.0,0.0,100.0,0.0,0.0
527,0.0,0.0,0.0,0.0,0.0,0.0,100.0
528,0.283920704845815,0.9532141531111737,0.0,0.022026431718061675,63.01762114537445,0.0,36.96035242290749
529,0.0004405286343612335,0.002993615137506825,0.0,0.0,99.97797356828194,0.022026431718061675,0.0
530,0.0004405286343612335,0.002993615137506825,0.0,0.0,0.022026431718061675,0.0,99.97797356828194
531,0.0026431718061674008,0.018144388631287305,0.0,99.84581497797357,0.06607929515418502,0.0881057268722467,0.0
532,0.0,0.0,0.0,0.0,0.0,100.0,0.0
533,0.0,0.0,0.0,0.0,100.0,0.0,0.0
534,0.07555066079295154,0.5014633756642727,0.0,10.79295154185022,0.06607929515418502,89.1409691629956,0.0
535,0.0,0.0,0.0,0.0,0.0,0.0,100.0
536,0.0,0.0,0.0,0.0,0.0,0.0,100.0
537,0.3755506607929515,1.4895595569907394,0.0,35.79295154185022,46.960352422907484,0.11013215859030838,17.136563876651984
538,0.000881057268722467,0.005546631630905794,0.0,0.04405286343612335,0.0,99.95594713656388,0.0
539,0.001762114537444934,0.010211925892385242,0.0,0.0881057268722467,0.0,99.91189427312776,0.0
540,0.007048458149779736,0.03379251607916997,0.0,99.64757709251101,0.0,0.3524229074889868,0.0
541,0.0,0.0,0.0,0.0,0.0,100.0,0.0
542,0.0,0.0,0.0,0.0,100.0,0.0,0.0
543,0.014096916299559472,0.07117046374964907,0.0,0.5947136563876653,0.1762114537444934,99.22907488986785,0.0
544,0.0,0.0,0.0,100.0,0.0,0.0,0.0
545,0.0004405286343612335,0.002993615137506825,0.0,0.022026431718061675,0.0,99.97797356828194,0.0
546,0.01740088105726872,0.10686808422886335,0.0,98.59030837004406,0.0,1.4096916299559472,0.0
547,0.010572687224669603,0.06364360458987431,0.0,0.7488986784140969,0.0,0.0,99.2511013215859
548,0.0,0.0,0.0,0.0,0.0,100.0,0.0
549,0.32158590308370044,0.9829797762179715,0.0,57.66519823788546,0.0,42.33480176211454,0.0
550,0.0,0.0,0.0,0.0,0.0,100.0,0.0
551,0.0,0.0,0.0,100.0,0.0,0.0,0.0
552,0.0052863436123348016,0.026443085801313163,0.0,99.73568281938327,0.0,0.2643171806167401,0.0
553,0.0,0.0,0.0,100.0,0.0,0.0,0.0
554,0.0,0.0,0.0,0.0,100.0,0.0,0.0
555,0.0030837004405286344,0.01662531441273229,0.0,0.15418502202643172,0.0,99.84581497797357,0.0
556,0.0004405286343612335,0.002993615137506825,0.0,0.022026431718061675,0.0,0.0,99.97797356828194
557,0.0,0.0,0.0,100.0,0.0,0.0,0.0
558,0.025110132158590308,0.1071475948559967,0.0,1.3656387665198237,0.022026431718061675,98.61233480176212,0.0
559,0.0,0.0,0.0,100.0,0.0,0.0,0.0
560,0.0,0.0,0.0,0.0,100.0,0.0,0.0
561,0.0004405286343612335,0.002993615137506825,0.0,0.022026431718061675,0.0,99.97797356828194,0.0
562,0.0,0.0,0.0,0.0,0.0,100.0,0.0
563,0.0,0.0,0.0,0.0,100.0,0.0,0.0
564,0.01277533039647577,0.07448453732367942,0.0,0.11013215859030838,0.7268722466960352,0.0,99.16299559471365
565,0.0,0.0,0.0,0.0,100.0,0.0,0.0
566,0.0,0.0,0.0,0.0,0.0,0.0,100.0
567,0.006607929515418502,0.035467654185037806,0.0,99.66960352422907,0.06607929515418502,0.2422907488986784,0.022026431718061675
568,0.0,0.0,0.0,0.0,0.0,100.0,0.0
569,0.0,0.0,0.0,0.0,0.0,0.0,100.0
570,0.006607929515418502,0.03437386515339825,0.0,0.06607929515418502,99.66960352422907,0.0,0.2643171806167401
571,0.0,0.0,0.0,100.0,0.0,0.0,0.0
572,0.0,0.0,0.0,0.0,100.0,0.0,0.0
573,0.0,0.0,0.0,0.0,0.0,100.0,0.0
574,0.0,0.0,0.0,100.0,0.0,0.0,0.0
575,0.0004405286343612335,0.002993615137506825,0.0,99.97797356828194,0.0,0.022026431718061675,0.0
576,0.0030837004405286344,0.01662531441273229,0.0,0.0,0.15418502202643172,0.0,99.84581497797357
577,0.0,0.0,0.0,100.0,0.0,0.0,0.0
578,0.0,0.0,0.0,0.0,0.0,0.0,100.0
579,0.004845814977973568,0.02835435230490306,0.0,99.75770925110132,0.0881057268722467,0.0881057268722467,0.06607929515418502
580,0.0,0.0,0.0,0.0,0.0,100.0,0.0
581,0.0013215859030837004,0.007933303318918155,0.0,0.0,0.06607929515418502,0.0,99.93392070484582
582,0.011894273127753305,0.058324190970575715,0.0,99.40528634361233,0.0,0.2422907488986784,0.3524229074889868
583,0.0,0.0,0.0,100.0,0.0,0.0,0.0
584,0.0022026431718061676,0.012410185903943709,0.0,99.8898678414097,0.0,0.11013215859030838,0.0
585,0.0030837004405286344,0.01662531441273229,0.0,99.84581497797357,0.0,0.15418502202643172,0.0
586,0.006607929515418502,0.031988640170290225,0.0,99.66960352422907,0.0,0.3303964757709251,0.0
587,0.000881057268722467,0.005546631630905794,0.0,0.0,0.04405286343612335,0.0,99.95594713656388
588,0.007929515418502203,0.04552645020816516,0.0,99.51541850220265,0.022026431718061675,0.46255506607929514,0.0
589,0.0004405286343612335,0.002993615137506825,0.0,99.97797356828194,0.0,0.022026431718061675,0.0
590,0.0,0.0,0.0,0.0,100.0,0.0,0.0
591,0.0013215859030837004,0.007933303318918155,0.0,0.06607929515418502,0.0,99.93392070484582,0.0
592,0.0,0.0,0.0,100.0,0.0,0.0,0.0
593,0.0004405286343612335,0.002993615137506825,0.0,99.97797356828194,0.0,0.022026431718061675,0.0
594,0.004405286343612335,0.022615976848305987,0.0,0.0,99.77973568281938,0.0,0.22026431718061676
595,0.0,0.0,0.0,0.0,0.0,100.0,0.0
596,0.0004405286343612335,0.002993615137506825,0.0,0.022026431718061675,0.0,99.97797356828194,0.0
597,0.01145374449339207,0.0508923824250578,0.0,99.4273127753304,0.0,0.5726872246696035,0.0
598,0.0004405286343612335,0.002993615137506825,0.0,99.97797356828194,0.0,0.022026431718061675,0.0
599,0.0,0.0,0.0,0.0,100.0,0.0,0.0
600,0.004405286343612335,0.022615976848305987,0.0,0.22026431718061676,0.0,99.77973568281938,0.0
601,0.0,0.0,0.0,0.0,0.0,100.0,0.0
602,0.0,0.0,0.0,0.0,0.0,100.0,0.0
603,0.07885462555066079,0.30779927324250483,0.0,94.5374449339207,0.0,5.440528634361233,0.022026431718061675
604,0.0,0.0,0.0,100.0,0.0,0.0,0.0
605,0.006607929515418502,0.03379251607916997,0.0,99.64757709251101,0.0,0.3524229074889868,0.0
606,0.014317180616740088,0.06364360458987431,0.0,99.2511013215859,0.0,0.7488986784140969,0.0
607,0.0,0.0,0.0,0.0,0.0,100.0,0.0
608,0.0004405286343612335,0.002993615137506825,0.0,0.022026431718061675,0.0,99.97797356828194,0.0
609,0.009691629955947136,0.04423375643467032,0.0,99.51541850220265,0.0,0.4845814977973568,0.0
610,0.0,0.0,0.0,0.0,0.0,100.0,0.0
611,0.0,0.0,0.0,100.0,0.0,0.0,0.0
612,0.011013215859030838,0.054145824504054994,0.0,99.38325991189427,0.0,0.6167400881057269,0.0
613,0.0,0.0,0.0,0.0,0.0,100.0,0.0
614,0.0,0.0,0.0,100.0,0.0,0.0,0.0
615,0.029955947136563875,0.12012606146468506,0.0,0.0,1.6299559471365639,0.0,98.37004405286343
616,0.007929515418502203,0.03908903075987695,0.0,0.4185022026431718,0.0,99.58149779735683,0.0
617,0.0,0.0,0.0,0.0,100.0,0.0,0.0
618,0.039207048458149776,0.1757034834561168,0.0,0.022026431718061675,2.5770925110132157,0.0,97.40088105726872
619,0.0,0.0,0.0,0.0,0.0,0.0,100.0
620,0.000881057268722467,0.005546631630905794,0.0,99.95594713656388,0.0,0.04405286343612335,0.0
621,0.004845814977973568,0.026443085801313163,0.0,99.73568281938327,0.0,0.2643171806167401,0.0
622,0.0,0.0,0.0,100.0,0.0,0.0,0.0
623,0.003524229074889868,0.019618439157797093,0.0,99.82378854625551,0.0,0.15418502202643172,0.022026431718061675
624,0.3464757709251101,0.9943178052655239,0.0,55.396475770925115,0.022026431718061675,44.58149779735683,0.0
625,0.010572687224669603,0.04924744462610022,0.0,0.0,0.5506607929515419,0.0,99.44933920704845
626,0.0,0.0,0.0,0.0,100.0,0.0,0.0
627,0.017180616740088105,0.07661642071847051,0.0,0.7268722466960352,0.13215859030837004,99.14096916299559,0.0
628,0.0,0.0,0.0,0.0,0.0,100.0,0.0
629,0.0,0.0,0.0,0.0,0.0,0.0,100.0
630,0.0026431718061674008,0.0157579971983824,0.0,99.86784140969162,0.04405286343612335,0.0881057268722467,0.0
631,0.0,0.0,0.0,0.0,0.0,100.0,0.0
632,0.0,0.0,0.0,100.0,0.0,0.0,0.0
633,0.0030837004405286344,0.01662531441273229,0.0,99.84581497797357,0.0,0.15418502202643172,0.0
634,0.0,0.0,0.0,0.0,0.0,100.0,0.0
635,0.0,0.0,0.0,100.0,0.0,0.0,0.0
636,0.34801762114537443,0.9977763975387631,0.0,52.77533039647577,0.0,47.22466960352423,0.0
637,0.3134361233480176,0.9324844846603483,0.0,0.0,34.82378854625551,0.0,65.17621145374449
638,0.0,0.0,0.0,0.0,100.0,0.0,0.0
639,0.011013215859030838,0.05252502472533268,0.0,0.5947136563876653,0.0,99.40528634361233,0.0
640,0.0,0.0,0.0,0.0,0.0,0.0,100.0
641,0.0,0.0,0.0,100.0,0.0,0.0,0.0
642,0.007048458149779736,0.03379251607916997,0.0,99.64757709251101,0.0,0.3524229074889868,0.0
643,0.0004405286343612335,0.002993615137506825,0.0,99.97797356828194,0.0,0.022026431718061675,0.0
644,0.01629955947136564,0.07129573666726527,0.0,0.8590308370044052,0.0,99.14096916299559,0.0
645,0.0022026431718061676,0.012410185903943709,0.0,0.0,0.11013215859030838,0.0,99.8898678414097
646,0.0,0.0,0.0,100.0,0.0,0.0,0.0
647,0.000881057268722467,0.005546631630905794,0.0,99.95594713656388,0.0,0.04405286343612335,0.0
648,0.006167400881057269,0.030163493365334245,0.0,0.0,0.30837004405286345,0.0,99.69162995594714
649,0.0,0.0,0.0,100.0,0.0,0.0,0.0
650,0.0,0.0,0.0,0.0,100.0,0.0,0.0
651,0.11079295154185022,0.37035834345432533,0.0,0.2422907488986784,93.28193832599119,0.0,6.475770925110131
652,0.0004405286343612335,0.002993615137506825,0.0,0.022026431718061675,0.0,99.97797356828194,0.0
653,0.0004405286343612335,0.002993615137506825,0.0,0.022026431718061675,0.0,99.97797356828194,0.0
654,0.007048458149779736,0.034981203538613184,0.0,99.64757709251101,0.022026431718061675,0.3303964757709251,0.0
655,0.0004405286343612335,0.002993615137506825,0.0,0.022026431718061675,0.0,99.97797356828194,0.0
656,0.0004405286343612335,0.002993615137506825,0.0,0.0,99.97797356828194,0.0,0.022026431718061675
657,0.3497797356828194,1.0033224513784358,0.0,55.198237885462554,0.0,44.691629955947135,0.11013215859030838
658,0.3420704845814978,0.9949404923860689,0.0,0.0,54.18502202643172,0.0,45.81497797356828
659,0.0,0.0,0.0,0.0,100.0,0.0,0.0
660,0.01762114537444934,0.08611083457203303,0.0,1.0352422907488987,0.022026431718061675,98.94273127753304,0.0
661,0.0004405286343612335,0.002993615137506825,0.0,99.97797356828194,0.0,0.0,0.022026431718061675
662,0.0,0.0,0.0,0.0,0.0,100.0,0.0
663,0.0022026431718061676,0.012410185903943709,0.0,99.8898678414097,0.0,0.11013215859030838,0.0
664,0.0,0.0,0.0,0.0,100.0,0.0,0.0
665,0.0,0.0,0.0,0.0,0.0,0.0,100.0
666,0.29801762114537445,0.967635562056929,0.0,0.04405286343612335,61.3215859030837,0.0,38.63436123348018
667,0.001762114537444934,0.010211925892385242,0.0,0.0881057268722467,0.0,0.0,99.91189427312776
668,0.0,0.0,0.0,0.0,100.0,0.0,0.0
669,0.05440528634361234,0.35493691945402506,0.0,0.0,93.3920704845815,6.563876651982378,0.04405286343612335
670,0.0,0.0,0.0,0.0,0.0,100.0,0.0
671,0.0,0.0,0.0,0.0,0.0,100.0,0.0
672,0.03171806167400881,0.1533571293736696,0.0,2.1145374449339207,0.04405286343612335,97.84140969162995,0.0
673,0.000881057268722467,0.005546631630905794,0.0,0.04405286343612335,0.0,99.95594713656388,0.0
674,0.0004405286343612335,0.002993615137506825,0.0,0.0,0.0,0.022026431718061675,99.97797356828194
675,0.006607929515418502,0.03856887077482578,0.0,99.60352422907489,0.022026431718061675,0.3744493392070484,0.0
676,0.003524229074889868,0.01866061635039692,0.0,99.82378854625551,0.0,0.1762114537444934,0.0
677,0.005726872246696035,0.028315558849025525,0.0,0.28634361233480177,0.0,99.7136563876652,0.0
678,0.08325991189427313,0.4196320035672321,0.0,0.0,91.49779735682819,0.0,8.502202643171806
679,0.0,0.0,0.0,0.0,0.0,0.0,100.0
680,0.0,0.0,0.0,100.0,0.0,0.0,0.0
681,0.2907488986784141,0.9569142436352466,0.0,62.158590308370044,0.0,37.841409691629956,0.0
682,0.0,0.0,0.0,100.0,0.0,0.0,0.0
683,0.005726872246696035,0.028315558849025525,0.0,99.7136563876652,0.0,0.28634361233480177,0.0
684,0.02555066079295154,0.1002811533674904,0.0,1.2555066079295154,0.022026431718061675,98.72246696035242,0.0
685,0.0004405286343612335,0.002993615137506825,0.0,99.97797356828194,0.0,0.022026431718061675,0.0
686,0.0026431718061674008,0.01540345083837429,0.0,99.86784140969162,0.0,0.11013215859030838,0.022026431718061675
687,0.13524229074889868,0.5244021032070256,0.0,0.0,88.17180616740087,0.0,11.82819383259912
688,0.0004405286343612335,0.002993615137506825,0.0,0.022026431718061675,0.0,99.97797356828194,0.0
689,0.003524229074889868,0.01866061635039692,0.0,0.1762114537444934,0.0,99.82378854625551,0.0
690,0.18722466960352424,0.5981427722110395,0.0,14.537444933920703,0.0,85.46255506607929,0.0
691,0.0,0.0,0.0,0.0,0.0,100.0,0.0
692,0.0004405286343612335,0.002993615137506825,0.0,99.97797356828194,0.0,0.022026431718061675,0.0
693,0.004845814977973568,0.025608891193292894,0.0,99.75770925110132,0.0,0.22026431718061676,0.022026431718061675
694,0.0,0.0,0.0,0.0,0.0,100.0,0.0
695,0.0,0.0,0.0,0.0,0.0,100.0,0.0
696,0.3301762114537445,0.9730988836131855,0.0,59.625550660792946,0.0,40.37444933920705,0.0
697,0.0,0.0,0.0,100.0,0.0,0.0,0.0
698,0.0,0.0,0.0,0.0,100.0,0.0,0.0
699,0.0026431718061674008,0.0157579971983824,0.0,0.04405286343612335,99.86784140969162,0.0,0.0881057268722467
700,0.0,0.0,0.0,0.0,0.0,100.0,0.0
701,0.000881057268722467,0.005987160265267027,0.0,0.022026431718061675,0.022026431718061675,0.0,99.95594713656388
702,0.007048458149779736,0.037533168030700156,0.0,99.62555066079295,0.04405286343612335,0.3303964757709251,0.0
703,0.0,0.0,0.0,100.0,0.0,0.0,0.0
704,0.003964757709251102,0.0206560222963067,0.0,99.80176211453744,0.0,0.19823788546255508,0.0
705,0.12863436123348018,0.42860837988228284,0.0,8.678414096916299,0.022026431718061675,91.29955947136564,0.0
706,0.0,0.0,0.0,0.0,0.0,100.0,0.0
707,0.0,0.0,0.0,100.0,0.0,0.0,0.0
708,0.003964757709251102,0.0206560222963067,0.0,0.0,99.80176211453744,0.0,0.19823788546255508
709,0.0004405286343612335,0.002993615137506825,0.0,0.022026431718061675,0.0,99.97797356828194,0.0
710,0.000881057268722467,0.005546631630905794,0.0,0.0,99.95594713656388,0.0,0.04405286343612335
711,0.021365638766519823,0.0940340016802833,0.0,98.87665198237885,0.06607929515418502,1.0352422907488987,0.022026431718061675
712,0.0004405286343612335,0.002993615137506825,0.0,99.97797356828194,0.0,0.022026431718061675,0.0
713,0.0,0.0,0.0,0.0,100.0,0.0,0.0
714,0.0004405286343612335,0.002993615137506825,0.0,0.022026431718061675,0.0,99.97797356828194,0.0
715,0.0,0.0,0.0,0.0,0.0,100.0,0.0
716,0.0004405286343612335,0.002993615137506825,0.0,99.97797356828194,0.0,0.022026431718061675,0.0
717,0.003524229074889868,0.01961843915779709,0.0,99.82378854625551,0.022026431718061675,0.15418502202643172,0.0
718,0.000881057268722467,0.005987160265267027,0.0,0.022026431718061675,0.022026431718061675,99.95594713656388,0.0
719,0.0022026431718061676,0.012410185903943709,0.0,0.0,99.8898678414097,0.0,0.11013215859030838
720,0.03524229074889868,0.13041452883143606,0.0,1.8061674008810573,0.0,98.19383259911895,0.0
721,0.01277533039647577,0.057137473514705786,0.0,0.022026431718061675,0.6167400881057269,0.0,99.36123348017621
722,0.0,0.0,0.0,0.0,100.0,0.0,0.0
723,0.015418502202643172,0.08611083457203303,0.0,98.94273127753304,0.0,1.0352422907488987,0.022026431718061675
724,0.0,0.0,0.0,100.0,0.0,0.0,0.0
725,0.0004405286343612335,0.002993615137506825,0.0,99.97797356828194,0.0,0.022026431718061675,0.0
726,0.022026431718061675,0.09028343139510576,0.0,1.145374449339207,0.0,98.85462555066078,0.0
727,0.0,0.0,0.0,0.0,0.0,0.0,100.0
728,0.0,0.0,0.0,100.0,0.0,0.0,0.0
729,0.0,0.0,0.0,0.0,0.0,100.0,0.0
730,0.0,0.0,0.0,100.0,0.0,0.0,0.0
731,0.0,0.0,0.0,0.0,0.0,100.0,0.0
732,0.0,0.0,0.0,0.0,0.0,0.0,100.0
733,0.0,0.0,0.0,0.0,100.0,0.0,0.0
734,0.0004405286343612335,0.002993615137506825,0.0,0.0,0.022026431718061675,0.0,99.97797356828194
735,0.32577092511013217,0.9755555136864429,0.0,0.022026431718061675,59.669603524229075,0.0,40.308370044052865
736,0.0004405286343612335,0.002993615137506825,0.0,99.97797356828194,0.0,0.022026431718061675,0.0
737,0.0,0.0,0.0,0.0,100.0,0.0,0.0
738,0.0,0.0,0.0,0.0,0.0,100.0,0.0
739,0.0,0.0,0.0,0.0,0.0,100.0,0.0
740,0.0,0.0,0.0,0.0,0.0,100.0,0.0
741,0.001762114537444934,0.010211925892385242,0.0,99.91189427312776,0.0,0.0881057268722467,0.0
742,0.0004405286343612335,0.002993615137506825,0.0,99.97797356828194,0.0,0.022026431718061675,0.0
743,0.0030837004405286344,0.01662531441273229,0.0,99.84581497797357,0.0,0.15418502202643172,0.0
744,0.011013215859030838,0.05357351296566588,0.0,0.022026431718061675,99.4273127753304,0.022026431718061675,0.5286343612334802
745,0.0,0.0,0.0,0.0,100.0,0.0,0.0
746,0.0004405286343612335,0.002993615137506825,0.0,0.0,0.022026431718061675,0.0,99.97797356828194
747,0.0022026431718061676,0.014544390369235495,0.0,99.86784140969162,0.0,0.13215859030837004,0.0
748,0.0,0.0,0.0,0.0,0.0,100.0,0.0
749,0.0,0.0,0.0,0.0,0.0,0.0,100.0
750,0.0,0.0,0.0,0.0,100.0,0.0,0.0
751,0.0,0.0,0.0,0.0,0.0,0.0,100.0
752,0.0,0.0,0.0,0.0,100.0,0.0,0.0
753,0.004845814977973568,0.04350617362961097,0.0,0.06607929515418502,99.55947136563876,0.0,0.3744493392070484
754,0.000881057268722467,0.005546631630905794,0.0,0.04405286343612335,0.0,99.95594713656388,0.0
755,0.0,0.0,0.0,0.0,100.0,0.0,0.0
756,0.029955947136563875,0.1324170223725166,0.0,1.3656387665198237,0.28634361233480177,98.34801762114537,0.0
757,0.0,0.0,0.0,100.0,0.0,0.0,0.0
758,0.0026431718061674008,0.01540345083837429,0.0,99.86784140969162,0.0,0.11013215859030838,0.022026431718061675
759,0.009691629955947136,0.04758972208396468,0.0,0.5286343612334802,0.0,99.47136563876651,0.0
760,0.0,0.0,0.0,100.0,0.0,0.0,0.0
761,0.0,0.0,0.0,100.0,0.0,0.0,0.0
762,0.007488986784140969,0.0355764479057821,0.0,99.62555066079295,0.0,0.3744493392070484,0.0
763,0.0,0.0,0.0,0.0,100.0,0.0,0.0
764,0.0,0.0,0.0,100.0,0.0,0.0,0.0
765,0.3447136563876652,0.9962774386709508,0.0,0.0,46.409691629955944,0.0,53.59030837004405
766,0.0030837004405286344,0.01662531441273229,0.0,0.0,0.15418502202643172,0.0,99.84581497797357
767,0.0,0.0,0.0,0.0,100.0,0.0,0.0
768,0.0022026431718061676,0.012410185903943709,0.0,99.8898678414097,0.0,0.11013215859030838,0.0
769,0.0,0.0,0.0,0.0,100.0,0.0,0.0
770,0.018061674008810574,0.0874376844864837,0.0,98.89867841409692,0.0,1.1013215859030838,0.0
771,0.0,0.0,0.0,100.0,0.0,0.0,0.0
772,0.0,0.0,0.0,0.0,100.0,0.0,0.0
773,0.0026431718061674008,0.021653670977580006,0.0,0.1762114537444934,0.022026431718061675,99.80176211453744,0.0
774,0.29361233480176213,0.9630909947738339,0.0,0.04405286343612335,37.57709251101321,0.022026431718061675,62.356828193832605
775,0.0022026431718061676,0.013205260898313052,0.0,0.022026431718061675,99.8898678414097,0.0,0.0881057268722467
776,0.3096916299559471,1.0228442813324203,0.0,0.7709251101321586,38.74449339207048,0.0,60.48458149779735
777,0.0,0.0,0.0,0.0,0.0,100.0,0.0
778,0.007048458149779736,0.03379251607916997,0.0,99.64757709251101,0.0,0.3524229074889868,0.0
779,0.009691629955947136,0.04722582778350201,0.0,99.49339207048457,0.0,0.4845814977973568,0.022026431718061675
780,0.007488986784140969,0.037533168030700156,0.0,0.04405286343612335,0.3303964757709251,0.0,99.62555066079295
781,0.000881057268722467,0.005987160265267027,0.0,0.022026431718061675,0.022026431718061675,0.0,99.95594713656388
782,0.007488986784140969,0.037973696665061396,0.0,99.62555066079295,0.022026431718061675,0.3303964757709251,0.022026431718061675
783,0.006167400881057269,0.030163493365334245,0.0,0.0,99.69162995594714,0.0,0.30837004405286345
784,0.0004405286343612335,0.002993615137506825,0.0,0.0,99.97797356828194,0.0,0.022026431718061675
785,0.2907488986784141,0.9597048206607875,0.0,0.0,61.76211453744494,0.0,38.23788546255506
786,0.001762114537444934,0.010211925892385242,0.0,0.0881057268722467,0.0,0.0,99.91189427312776
787,0.0004405286343612335,0.002993615137506825,0.0,99.97797356828194,0.0,0.022026431718061675,0.0
788,0.011894273127753305,0.06207322813855103,0.0,0.6167400881057269,0.06607929515418502,99.31718061674009,0.0
789,0.029515418502202642,0.12658732651552207,0.0,98.25991189427313,0.0,1.740088105726872,0.0
790,0.0,0.0,0.0,0.0,100.0,0.0,0.0
791,0.0052863436123348016,0.026443085801313163,0.0,0.0,99.73568281938327,0.0,0.2643171806167401
792,0.0004405286343612335,0.002993615137506825,0.0,0.022026431718061675,0.0,0.0,99.97797356828194
793,0.0,0.0,0.0,0.0,100.0,0.0,0.0
794,0.007048458149779736,0.034981203538613184,0.0,0.022026431718061675,99.64757709251101,0.0,0.3303964757709251
795,0.31607929515418504,0.9536861133714785,0.0,35.02202643171806,64.77973568281938,0.19823788546255508,0.0
796,0.0,0.0,0.0,0.0,0.0,0.0,100.0
797,0.06696035242290749,0.2486957817414999,0.0,95.90308370044053,0.0,4.074889867841409,0.022026431718061675
798,0.0004405286343612335,0.002993615137506825,0.0,99.97797356828194,0.0,0.022026431718061675,0.0
799,0.0,0.0,0.0,0.0,100.0,0.0,0.0
800,0.003524229074889868,0.0206560222963067,0.0,0.0,99.80176211453744,0.0,0.19823788546255508
801,0.0,0.0,0.0,0.0,100.0,0.0,0.0
802,0.000881057268722467,0.005546631630905794,0.0,0.0,0.04405286343612335,99.95594713656388,0.0
803,0.0030837004405286344,0.01662531441273229,0.0,0.0,99.84581497797357,0.0,0.15418502202643172
804,0.0,0.0,0.0,0.0,100.0,0.0,0.0
805,0.0004405286343612335,0.002993615137506825,0.0,0.0,0.0,0.022026431718061675,99.97797356828194
806,0.004845814977973568,0.02816120673959075,0.0,0.04405286343612335,99.73568281938327,0.0,0.22026431718061676
807,0.0,0.0,0.0,0.0,100.0,0.0,0.0
808,0.0,0.0,0.0,0.0,100.0,0.0,0.0
809,0.020044052863436124,0.10686808422886335,0.0,0.0,98.59030837004406,0.0,1.4096916299559472
810,0.012334801762114538,0.054145824504054994,0.0,99.38325991189427,0.0,0.6167400881057269,0.0
811,0.0,0.0,0.0,0.0,100.0,0.0,0.0
812,0.33964757709251103,1.0029167080848396,0.0,0.04405286343612335,52.731277533039645,0.0,47.22466960352423
813,0.13920704845814977,0.6261325326605086,0.0,0.0,84.33920704845815,0.0,15.660792951541849
814,0.0,0.0,0.0,0.0,100.0,0.0,0.0
815,0.03832599118942731,0.14168781521634866,0.0,97.99559471365639,0.0,2.0044052863436126,0.0
816,0.0,0.0,0.0,0.0,100.0,0.0,0.0
817,0.0,0.0,0.0,0.0,0.0,0.0,100.0
818,0.006167400881057269,0.03130826265453518,0.0,99.69162995594714,0.0,0.28634361233480177,0.022026431718061675
819,0.0026431718061674008,0.017537585216713853,0.0,0.13215859030837004,0.022026431718061675,99.84581497797357,0.0
820,0.0030837004405286344,0.01866061635039692,0.0,0.0,0.1762114537444934,0.0,99.82378854625551
821,0.01894273127753304,0.07877716604143327,0.0,0.022026431718061675,99.05286343612335,0.0,0.9251101321585903
822,0.000881057268722467,0.005987160265267027,0.0,0.0,0.022026431718061675,0.022026431718061675,99.95594713656388
823,0.0,0.0,0.0,0.0,100.0,0.0,0.0
824,0.009251101321585903,0.04527112093612101,0.0,0.06607929515418502,0.39647577092511016,0.0,99.53744493392071
825,0.0,0.0,0.0,0.0,0.0,0.0,100.0
826,0.0,0.0,0.0,100.0,0.0,0.0,0.0
827,0.0052863436123348016,0.026443085801313163,0.0,0.0,99.73568281938327,0.0,0.2643171806167401
828,0.001762114537444934,0.010211925892385242,0.0,0.0,99.91189427312776,0.0,0.0881057268722467
829,0.0,0.0,0.0,0.0,100.0,0.0,0.0
830,0.009691629955947136,0.04636347751666885,0.0,0.04405286343612335,0.4405286343612335,0.0,99.51541850220265
831,0.02158590308370044,0.12311445376530916,0.0,98.34801762114537,0.022026431718061675,1.6299559471365639,0.0
832,0.000881057268722467,0.005546631630905794,0.0,0.0,99.95594713656388,0.0,0.04405286343612335
833,0.011013215859030838,0.05846627523497431,0.0,0.28634361233480177,0.30837004405286345,99.40528634361233,0.0
834,0.003524229074889868,0.01866061635039692,0.0,0.1762114537444934,0.0,99.82378854625551,0.0
835,0.0004405286343612335,0.002993615137506825,0.0,0.0,0.022026431718061675,0.0,99.97797356828194
836,0.05088105726872247,0.33355831382210205,0.0,0.022026431718061675,93.89867841409692,0.0,6.079295154185022
837,0.0,0.0,0.0,0.0,100.0,0.0,0.0
838,0.0,0.0,0.0,0.0,0.0,100.0,0.0
839,0.0,0.0,0.0,0.0,0.0,100.0,0.0
840,0.007929515418502203,0.037341606077754004,0.0,99.60352422907489,0.0,0.39647577092511016,0.0
841,0.006167400881057269,0.030163493365334245,0.0,0.0,0.30837004405286345,0.0,99.69162995594714
842,0.005726872246696035,0.050498073334364985,0.0,99.51541850220265,0.06607929515418502,0.11013215859030838,0.30837004405286345
843,0.0026431718061674008,0.014544390369235495,0.0,99.86784140969162,0.0,0.13215859030837004,0.0
844,0.0,0.0,0.0,0.0,100.0,0.0,0.0
845,0.014977973568281937,0.07401256921895667,0.0,99.20704845814979,0.5286343612334802,0.2643171806167401,0.0
846,0.012334801762114538,0.05735354986725806,0.0,0.6607929515418502,0.0,99.33920704845815,0.0
847,0.0026431718061674008,0.014544390369235495,0.0,0.13215859030837004,0.0,99.86784140969162,0.0
848,0.3497797356828194,0.9965905495427376,0.0,53.43612334801762,0.0,46.563876651982376,0.0
849,0.0,0.0,0.0,0.0,0.0,0.0,100.0
850,0.004845814977973568,0.02454403065229363,0.0,99.75770925110132,0.0,0.2422907488986784,0.0
851,0.006607929515418502,0.03379251607916997,0.0,0.0,99.64757709251101,0.0,0.3524229074889868
852,0.007048458149779736,0.03379251607916997,0.0,0.0,99.64757709251101,0.0,0.3524229074889868
853,0.0,0.0,0.0,0.0,100.0,0.0,0.0
854,0.3185022026431718,0.9764209471982006,0.0,40.4625550660793,0.022026431718061675,59.51541850220264,0.0
855,0.0013215859030837004,0.007933303318918155,0.0,99.93392070484582,0.0,0.06607929515418502,0.0
856,0.010572687224669603,0.062085949072340794,0.0,99.27312775330397,0.0,0.7268722466960352,0.0
857,0.006167400881057269,0.03282509864285249,0.0,0.0881057268722467,99.69162995594714,0.0,0.22026431718061676
858,0.001762114537444934,0.01092670838089549,0.0,0.06607929515418502,0.0,0.022026431718061675,99.91189427312776
859,0.0004405286343612335,0.002993615137506825,0.0,99.97797356828194,0.0,0.022026431718061675,0.0
860,0.0022026431718061676,0.013205260898313052,0.0,99.8898678414097,0.022026431718061675,0.0881057268722467,0.0
861,0.000881057268722467,0.005546631630905794,0.0,99.95594713656388,0.0,0.04405286343612335,0.0
862,0.0004405286343612335,0.002993615137506825,0.0,0.0,99.97797356828194,0.0,0.022026431718061675
863,0.0030837004405286344,0.01662531441273229,0.0,99.84581497797357,0.0,0.15418502202643172,0.0
864,0.0,0.0,0.0,100.0,0.0,0.0,0.0
865,0.0,0.0,0.0,100.0,0.0,0.0,0.0
866,0.02158590308370044,0.12530347142131462,0.0,98.28193832599119,0.0,1.7180616740088104,0.0
867,0.011013215859030838,0.0508923824250578,0.0,99.4273127753304,0.0,0.5726872246696035,0.0
868,0.006607929515418502,0.031988640170290225,0.0,0.3303964757709251,0.0,99.66960352422907,0.0
869,0.0026431718061674008,0.01540345083837429,0.0,99.86784140969162,0.022026431718061675,0.11013215859030838,0.0
870,0.08193832599118943,0.3057301149221238,0.0,5.462555066079295,0.0,94.5374449339207,0.0
871,0.004845814977973568,0.02454403065229363,0.0,0.2422907488986784,0.0,99.75770925110132,0.0
872,0.011894273127753305,0.06988765896105552,0.0,99.2511013215859,0.19823788546255508,0.5506607929515419,0.0
873,0.33898678414096917,0.9786017208620335,0.0,41.409691629955944,0.0,58.590308370044056,0.0
874,0.0030837004405286344,0.01662531441273229,0.0,0.0,99.84581497797357,0.0,0.15418502202643172
875,0.01013215859030837,0.06663483070028829,0.0,99.22907488986785,0.022026431718061675,0.7488986784140969,0.0
876,0.004405286343612335,0.028315558849025525,0.0,99.7136563876652,0.0,0.28634361233480177,0.0
877,0.009251101321585903,0.051069993920738646,0.0,99.47136563876651,0.022026431718061675,0.46255506607929514,0.04405286343612335
878,0.059251101321585904,0.43455536757079244,0.0,0.0,8.942731277533039,0.0,91.05726872246696
879,0.0022026431718061676,0.030163493365334245,0.0,99.69162995594714,0.0,0.0,0.30837004405286345
880,0.0,0.0,0.0,0.0,100.0,0.0,0.0
881,0.0004405286343612335,0.002993615137506825,0.0,0.022026431718061675,0.0,99.97797356828194,0.0
882,0.0004405286343612335,0.002993615137506825,0.0,99.97797356828194,0.0,0.0,0.022026431718061675
883,0.003524229074889868,0.01866061635039692,0.0,99.82378854625551,0.0,0.1762114537444934,0.0
884,0.015859030837004406,0.07758972457094072,0.0,99.11894273127754,0.0,0.7709251101321586,0.11013215859030838
885,0.0,0.0,0.0,100.0,0.0,0.0,0.0
886,0.0,0.0,0.0,0.0,100.0,0.0,0.0
887,0.0004405286343612335,0.002993615137506825,0.0,99.97797356828194,0.0,0.022026431718061675,0.0
888,0.31057268722466963,0.972224484826304,0.0,40.220264317180614,0.0,0.0,59.77973568281938
889,0.0026431718061674008,0.014544390369235495,0.0,0.13215859030837004,0.0,99.86784140969162,0.0
890,0.02026431718061674,0.08611083457203303,0.0,98.94273127753304,0.022026431718061675,1.0352422907488987,0.0
891,0.000881057268722467,0.005546631630905794,0.0,99.95594713656388,0.0,0.04405286343612335,0.0
892,0.0,0.0,0.0,0.0,100.0,0.0,0.0
893,0.0,0.0,0.0,100.0,0.0,0.0,0.0
894,0.0,0.0,0.0,100.0,0.0,0.0,0.0
895,0.003524229074889868,0.028315558849025525,0.0,99.7136563876652,0.0,0.28634361233480177,0.0
896,0.345374449339207,0.9982432692030658,0.0,47.53303964757709,0.0,52.46696035242291,0.0
897,0.061013215859030835,0.33268784800241136,0.0,6.057268722466961,0.022026431718061675,93.92070484581497,0.0
898,0.003303964757709251,0.04552645020816516,0.0,0.46255506607929514,0.022026431718061675,99.51541850220265,0.0
899,0.3405286343612335,1.0298522883558607,0.0,0.19823788546255508,47.180616740088105,52.48898678414097,0.13215859030837004
900,0.000881057268722467,0.005546631630905794,0.0,0.0,0.04405286343612335,0.0,99.95594713656388
901,0.0,0.0,0.0,0.0,0.0,0.0,100.0
902,0.006607929515418502,0.034981203538613184,0.0,99.64757709251101,0.0,0.022026431718061675,0.3303964757709251
903,0.0022026431718061676,0.012410185903943709,0.0,99.8898678414097,0.0,0.11013215859030838,0.0
904,0.000881057268722467,0.005546631630905794,0.0,99.95594713656388,0.0,0.04405286343612335,0.0
905,0.3508810572687225,1.0033220481683156,0.0,0.022026431718061675,52.75330396475771,0.022026431718061675,47.202643171806166
906,0.0004405286343612335,0.002993615137506825,0.0,99.97797356828194,0.0,0.022026431718061675,0.0
907,0.0022026431718061676,0.012410185903943709,0.0,99.8898678414097,0.0,0.11013215859030838,0.0
908,0.0030837004405286344,0.01662531441273229,0.0,99.84581497797357,0.0,0.15418502202643172,0.0
909,0.0013215859030837004,0.007933303318918155,0.0,0.06607929515418502,0.0,99.93392070484582,0.0
910,0.0,0.0,0.0,100.0,0.0,0.0,0.0
911,0.015859030837004406,0.07640660076710648,0.0,0.4185022026431718,0.39647577092511016,99.18502202643171,0.0
912,0.0013215859030837004,0.007933303318918155,0.0,99.93392070484582,0.0,0.06607929515418502,0.0
913,0.015859030837004406,0.06826111580083305,0.0,0.8149779735682819,0.0,0.0,99.18502202643171
914,0.046255506607929514,0.32214508898957833,0.0,94.18502202643172,0.0,5.79295154185022,0.022026431718061675
915,0.0004405286343612335,0.002993615137506825,0.0,99.97797356828194,0.022026431718061675,0.0,0.0
916,0.0,0.0,0.0,0.0,100.0,0.0,0.0
917,0.0004405286343612335,0.002993615137506825,0.0,99.97797356828194,0.0,0.022026431718061675,0.0
918,0.004845814977973568,0.02454403065229363,0.0,99.75770925110132,0.0,0.2422907488986784,0.0
919,0.11365638766519824,0.36761269727900575,0.0,93.17180616740089,0.0,0.11013215859030838,6.71806167400881
920,0.00881057268722467,0.04381186446704125,0.0,0.022026431718061675,0.4405286343612335,0.0,99.53744493392071
921,0.0,0.0,0.0,100.0,0.0,0.0,0.0
922,0.0,0.0,0.0,0.0,0.0,100.0,0.0
923,0.0030837004405286344,0.01662531441273229,0.0,99.84581497797357,0.0,0.15418502202643172,0.0
924,0.0,0.0,0.0,0.0,0.0,100.0,0.0
925,0.0,0.0,0.0,100.0,0.0,0.0,0.0
926,0.06894273127753305,0.2654442064069145,0.0,4.5154185022026425,0.0,95.48458149779736,0.0
927,0.0030837004405286344,0.017537585216713853,0.0,0.13215859030837004,0.0,99.84581497797357,0.022026431718061675
928,0.0,0.0,0.0,0.0,100.0,0.0,0.0
929,0.019823788546255508,0.09250552849695513,0.0,98.98678414096916,0.3524229074889868,0.6387665198237885,0.022026431718061675
930,0.0,0.0,0.0,0.0,100.0,0.0,0.0
931,0.0,0.0,0.0,0.0,0.0,0.0,100.0
932,0.0022026431718061676,0.012410185903943709,0.0,99.8898678414097,0.0,0.11013215859030838,0.0
933,0.001762114537444934,0.01092670838089549,0.0,99.91189427312776,0.06607929515418502,0.0,0.022026431718061675
934,0.0,0.0,0.0,0.0,100.0,0.0,0.0
935,0.007929515418502203,0.041722452621829526,0.0,0.06607929515418502,99.58149779735683,0.0,0.3524229074889868
936,0.003964757709251102,0.0206560222963067,0.0,0.0,99.80176211453744,0.0,0.19823788546255508
937,0.0,0.0,0.0,0.0,100.0,0.0,0.0
938,0.009691629955947136,0.04423375643467032,0.0,0.4845814977973568,0.0,99.51541850220265,0.0
939,0.0,0.0,0.0,100.0,0.0,0.0,0.0
940,0.0,0.0,0.0,0.0,0.0,100.0,0.0
941,0.024669603524229075,0.10005455687283138,0.0,98.70044052863436,0.0,1.2995594713656389,0.0
942,0.0004405286343612335,0.005546631630905794,0.0,0.04405286343612335,0.0,0.0,99.95594713656388
943,0.0013215859030837004,0.007933303318918155,0.0,99.93392070484582,0.0,0.06607929515418502,0.0
944,0.007048458149779736,0.03570816169397031,0.0,0.0,0.30837004405286345,0.04405286343612335,99.64757709251101
945,0.0004405286343612335,0.002993615137506825,0.0,99.97797356828194,0.0,0.022026431718061675,0.0
946,0.05286343612334802,0.3361623724023792,0.0,6.145374449339207,0.022026431718061675,93.83259911894272,0.0
947,0.004845814977973568,0.040819652463459435,0.0,0.0,99.55947136563876,0.0,0.4405286343612335
948,0.0,0.0,0.0,0.0,100.0,0.0,0.0
949,0.0,0.0,0.0,100.0,0.0,0.0,0.0
950,0.040969162995594714,0.15267199916686056,0.0,0.0,2.2026431718061676,0.0,97.79735682819384
951,0.0,0.0,0.0,0.0,0.0,0.0,100.0
952,0.0,0.0,0.0,100.0,0.0,0.0,0.0
953,0.004405286343612335,0.02454403065229363,0.0,99.75770925110132,0.0,0.2422907488986784,0.0
954,0.0004405286343612335,0.002993615137506825,0.0,99.97797356828194,0.0,0.0,0.022026431718061675
955,0.003964757709251102,0.0206560222963067,0.0,99.80176211453744,0.0,0.19823788546255508,0.0
956,0.007488986784140969,0.0355764479057821,0.0,99.62555066079295,0.0,0.3744493392070484,0.0
957,0.0,0.0,0.0,0.0,0.0,100.0,0.0
958,0.0,0.0,0.0,100.0,0.0,0.0,0.0
959,0.011013215859030838,0.0508923824250578,0.0,99.4273127753304,0.0,0.5726872246696035,0.0
960,0.001762114537444934,0.010211925892385242,0.0,99.91189427312776,0.0,0.0881057268722467,0.0
961,0.001762114537444934,0.010211925892385242,0.0,0.0,99.91189427312776,0.0,0.0881057268722467
962,0.333920704845815,0.9993139468549199,0.0,0.0,48.458149779735685,0.0,51.541850220264315
963,0.0,0.0,0.0,0.0,0.0,0.0,100.0
964,0.001762114537444934,0.01092670838089549,0.0,99.91189427312776,0.022026431718061675,0.06607929515418502,0.0
965,0.02555066079295154,0.11355557956289304,0.0,1.5198237885462555,0.0,98.48017621145374,0.0
966,0.000881057268722467,0.005546631630905794,0.0,0.04405286343612335,0.0,99.95594713656388,0.0
967,0.0004405286343612335,0.002993615137506825,0.0,0.0,0.022026431718061675,0.0,99.97797356828194
968,0.35110132158590307,1.0165946518751687,0.0,0.06607929515418502,49.757709251101325,0.0881057268722467,50.08810572687224
969,0.0022026431718061676,0.013205260898313052,0.0,99.8898678414097,0.0,0.022026431718061675,0.0881057268722467
970,0.001762114537444934,0.010211925892385242,0.0,99.91189427312776,0.0,0.0881057268722467,0.0
971,0.26255506607929513,0.8298435987649315,0.0,73.9647577092511,0.0,26.013215859030836,0.022026431718061675
972,0.004845814977973568,0.02454403065229363,0.0,0.2422907488986784,0.0,99.75770925110132,0.0
973,0.0004405286343612335,0.002993615137506825,0.0,99.97797356828194,0.0,0.022026431718061675,0.0
974,0.003524229074889868,0.0206560222963067,0.0,99.80176211453744,0.0,0.19823788546255508,0.0
975,0.3383259911894273,0.998485352612303,0.0,47.709251101321584,0.0,52.290748898678416,0.0
976,0.004405286343612335,0.022615976848305987,0.0,0.0,0.22026431718061676,0.0,99.77973568281938
977,0.003524229074889868,0.02053070996177865,0.0,99.82378854625551,0.022026431718061675,0.13215859030837004,0.022026431718061675
978,0.0004405286343612335,0.002993615137506825,0.0,99.97797356828194,0.0,0.022026431718061675,0.0
979,0.0,0.0,0.0,0.0,100.0,0.0,0.0
980,0.006607929515418502,0.031988640170290225,0.0,0.3303964757709251,0.0,99.66960352422907,0.0
981,0.000881057268722467,0.005546631630905794,0.0,99.95594713656388,0.0,0.04405286343612335,0.0
982,0.001762114537444934,0.010211925892385242,0.0,99.91189427312776,0.0,0.0881057268722467,0.0
983,0.01629955947136564,0.0816679952106285,0.0,1.013215859030837,0.0,98.98678414096916,0.0
984,0.005726872246696035,0.028315558849025525,0.0,0.28634361233480177,0.0,99.7136563876652,0.0
985,0.003524229074889868,0.01866061635039692,0.0,99.82378854625551,0.0,0.1762114537444934,0.0
986,0.01629955947136564,0.08020848434986991,0.0,99.00881057268722,0.0,0.9911894273127754,0.0
987,0.006167400881057269,0.034981203538613184,0.0,0.3303964757709251,0.0,99.64757709251101,0.022026431718061675
988,0.004405286343612335,0.03908903075987695,0.0,0.0,99.58149779735683,0.0,0.4185022026431718
989,0.2960352422907489,0.9106199783042125,0.0,67.66519823788546,0.0,32.31277533039648,0.022026431718061675
990,0.0030837004405286344,0.01662531441273229,0.0,0.15418502202643172,0.0,0.0,99.84581497797357
991,0.0,0.0,0.0,0.0,100.0,0.0,0.0
992,0.04361233480176212,0.18860814162551526,0.0,1.5859030837004406,0.8590308370044052,0.0,97.55506607929514
993,0.0,0.0,0.0,0.0,100.0,0.0,0.0
994,0.0013215859030837004,0.008540106733491606,0.0,0.022026431718061675,0.04405286343612335,0.0,99.93392070484582
995,0.007929515418502203,0.037341606077754004,0.0,0.0,99.60352422907489,0.0,0.39647577092511016
996,0.04801762114537445,0.18749632159333618,0.0,2.8634361233480177,0.0,97.13656387665198,0.0
997,0.03480176211453744,0.1329461820063396,0.0,98.14977973568281,0.0,1.8502202643171806,0.0
998,0.014537444933920705,0.06953838519138161,0.0,0.1762114537444934,0.5726872246696035,0.0,99.2511013215859
999,0.0004405286343612335,0.002993615137506825,0.0,99.97797356828194,0.0,0.0,0.022026431718061675
1000,0.001762114537444934,0.010211925892385242,0.0,99.91189427312776,0.0,0.0881057268722467,0.0
1001,0.012334801762114538,0.07236625131430001,0.0,0.6387665198237885,0.15418502202643172,0.0,99.20704845814979
1002,0.0022026431718061676,0.013205260898313052,0.0,99.8898678414097,0.0881057268722467,0.0,0.022026431718061675
1003,0.0004405286343612335,0.002993615137506825,0.0,0.0,99.97797356828194,0.022026431718061675,0.0
1004,0.005726872246696035,0.028315558849025525,0.0,0.28634361233480177,0.0,99.7136563876652,0.0
1005,0.014977973568281937,0.06364360458987431,0.0,0.7488986784140969,0.0,99.2511013215859,0.0
1006,0.0030837004405286344,0.01662531441273229,0.0,99.84581497797357,0.0,0.15418502202643172,0.0
1007,0.32577092511013217,0.9938902911408309,0.0,43.01762114537445,0.022026431718061675,56.91629955947136,0.04405286343612335
1008,0.028193832599118944,0.12142682100525436,0.0,1.6519823788546255,0.0,98.34801762114537,0.0
1009,0.0022026431718061676,0.012410185903943709,0.0,0.0,99.8898678414097,0.0,0.11013215859030838
1010,0.011013215859030838,0.054484480201981975,0.0,99.44933920704845,0.11013215859030838,0.4185022026431718,0.022026431718061675
1011,0.006167400881057269,0.031988640170290225,0.0,0.0,99.66960352422907,0.0,0.3303964757709251
1012,0.0,0.0,0.0,0.0,100.0,0.0,0.0
1013,0.006607929515418502,0.031988640170290225,0.0,0.3303964757709251,0.0,99.66960352422907,0.0
1014,0.0030837004405286344,0.017537585216713853,0.0,99.84581497797357,0.022026431718061675,0.13215859030837004,0.0
1015,0.3222466960352423,0.9725934146077989,0.0,39.40528634361233,0.0,60.55066079295154,0.04405286343612335
1016,0.0052863436123348016,0.02753687483295272,0.0,0.022026431718061675,99.73568281938327,0.0,0.2422907488986784
1017,0.0052863436123348016,0.028315558849025525,0.0,0.28634361233480177,0.0,99.7136563876652,0.0
1018,0.0,0.0,0.0,100.0,0.0,0.0,0.0
1019,0.014537444933920705,0.06663483070028829,0.0,0.022026431718061675,0.7488986784140969,0.0,99.22907488986785
1020,0.004405286343612335,0.022615976848305987,0.0,0.0,0.22026431718061676,0.0,99.77973568281938
1021,0.0,0.0,0.0,100.0,0.0,0.0,0.0
1022,0.006167400881057269,0.030163493365334245,0.0,0.0,0.30837004405286345,0.0,99.69162995594714
1023,0.003524229074889868,0.019618439157797093,0.0,99.82378854625551,0.0,0.15418502202643172,0.022026431718061675
1024,0.0004405286343612335,0.002993615137506825,0.0,0.0,99.97797356828194,0.0,0.022026431718061675
1025,0.007048458149779736,0.037533168030700156,0.0,99.62555066079295,0.0,0.3303964757709251,0.04405286343612335
1026,0.35044052863436126,0.9915117866519392,0.0,44.58149779735683,0.0,55.41850220264317,0.0
1027,0.0004405286343612335,0.002993615137506825,0.0,0.0,99.97797356828194,0.0,0.022026431718061675
1028,0.02555066079295154,0.15905058295129798,0.0,97.88546255506608,0.19823788546255508,1.8942731277533038,0.022026431718061675
1029,0.001762114537444934,0.01092670838089549,0.0,99.91189427312776,0.0,0.06607929515418502,0.022026431718061675
1030,0.0013215859030837004,0.007933303318918155,0.0,0.0,99.93392070484582,0.0,0.06607929515418502
1031,0.0022026431718061676,0.013479514752462066,0.0,0.04405286343612335,99.8898678414097,0.0,0.06607929515418502
1032,0.0013215859030837004,0.007933303318918155,0.0,0.06607929515418502,0.0,99.93392070484582,0.0
1033,0.000881057268722467,0.005546631630905794,0.0,99.95594713656388,0.0,0.04405286343612335,0.0
1034,0.026872246696035242,0.11388874166018637,0.0,1.2555066079295154,0.15418502202643172,98.59030837004406,0.0
1035,0.0,0.0,0.0,0.0,0.0,100.0,0.0
1036,0.0004405286343612335,0.002993615137506825,0.0,0.022026431718061675,0.0,99.97797356828194,0.0
1037,0.039647577092511016,0.16178762196298224,0.0,2.2246696035242293,0.06607929515418502,97.70925110132158,0.0
1038,0.0,0.0,0.0,0.0,0.0,0.0,100.0
1039,0.0,0.0,0.0,0.0,100.0,0.0,0.0
1040,0.00881057268722467,0.04423375643467032,0.0,0.0,99.51541850220265,0.0,0.4845814977973568
1041,0.0,0.0,0.0,0.0,100.0,0.0,0.0
1042,0.0,0.0,0.0,0.0,0.0,0.0,100.0
1043,0.12070484581497798,0.4134725562418575,0.0,0.022026431718061675,91.74008810572687,0.0,8.237885462555065
1044,0.001762114537444934,0.01092670838089549,0.0,0.06607929515418502,0.022026431718061675,99.91189427312776,0.0
1045,0.0026431718061674008,0.014544390369235495,0.0,0.0,0.13215859030837004,0.0,99.86784140969162
1046,0.3931718061674009,1.281137641006477,0.0,6.475770925110131,46.05726872246696,0.0,47.46696035242291
1047,0.0,0.0,0.0,0.0,0.0,100.0,0.0
1048,0.0004405286343612335,0.002993615137506825,0.0,99.97797356828194,0.0,0.022026431718061675,0.0
1049,0.008370044052863436,0.04851852155699686,0.0,99.49339207048457,0.022026431718061675,0.46255506607929514,0.022026431718061675
1050,0.0,0.0,0.0,0.0,0.0,100.0,0.0
1051,0.0,0.0,0.0,100.0,0.0,0.0,0.0
1052,0.012334801762114538,0.054145824504054994,0.0,0.6167400881057269,0.0,99.38325991189427,0.0
1053,0.0022026431718061676,0.012410185903943709,0.0,99.8898678414097,0.0,0.11013215859030838,0.0
1054,0.0,0.0,0.0,0.0,100.0,0.0,0.0
1055,0.0,0.0,0.0,100.0,0.0,0.0,0.0
1056,0.0013215859030837004,0.008540106733491606,0.0,99.93392070484582,0.0,0.04405286343612335,0.022026431718061675
1057,0.0004405286343612335,0.002993615137506825,0.0,0.0,99.97797356828194,0.0,0.022026431718061675
1058,0.005726872246696035,0.029435859802148946,0.0,99.7136563876652,0.0,0.2643171806167401,0.022026431718061675
1059,0.0022026431718061676,0.013205260898313052,0.0,99.8898678414097,0.0,0.0881057268722467,0.022026431718061675
1060,0.014537444933920705,0.07267714387547577,0.0,99.22907488986785,0.0,0.30837004405286345,0.46255506607929514
1061,0.006167400881057269,0.030163493365334245,0.0,99.69162995594714,0.0,0.30837004405286345,0.0
1062,0.0,0.0,0.0,100.0,0.0,0.0,0.0
1063,0.0,0.0,0.0,0.0,100.0,0.0,0.0
1064,0.0004405286343612335,0.002993615137506825,0.0,0.022026431718061675,0.0,99.97797356828194,0.0
1065,0.006607929515418502,0.031988640170290225,0.0,0.3303964757709251,0.0,99.66960352422907,0.0
1066,0.0,0.0,0.0,0.0,0.0,100.0,0.0
1067,0.007929515418502203,0.04230401246827842,0.0,0.19823788546255508,99.60352422907489,0.022026431718061675,0.1762114537444934
1068,0.007048458149779736,0.03379251607916997,0.0,0.3524229074889868,0.0,99.64757709251101,0.0
1069,0.001762114537444934,0.01092670838089549,0.0,99.91189427312776,0.0,0.06607929515418502,0.022026431718061675
1070,0.007048458149779736,0.03379251607916997,0.0,99.64757709251101,0.0,0.3524229074889868,0.0
1071,0.0030837004405286344,0.01662531441273229,0.0,99.84581497797357,0.0,0.15418502202643172,0.0
1072,0.0,0.0,0.0,0.0,0.0,0.0,100.0
1073,0.0022026431718061676,0.013205260898313052,0.0,99.8898678414097,0.0,0.0881057268722467,0.022026431718061675
1074,0.020704845814977973,0.08312052668077569,0.0,1.0352422907488987,0.0,98.9647577092511,0.0
1075,0.0,0.0,0.0,0.0,100.0,0.0,0.0
1076,0.006607929515418502,0.04758972208396468,0.0,0.0,99.47136563876651,0.0,0.5286343612334802
1077,0.0022026431718061676,0.014544390369235495,0.0,0.0,99.86784140969162,0.0,0.13215859030837004
1078,0.0,0.0,0.0,0.0,100.0,0.0,0.0
1079,0.017180616740088105,0.07277358711325017,0.0,0.8370044052863436,0.0,99.14096916299559,0.022026431718061675
1080,0.006607929515418502,0.031988640170290225,0.0,0.3303964757709251,0.0,99.66960352422907,0.0
1081,0.000881057268722467,0.005546631630905794,0.0,99.95594713656388,0.0,0.04405286343612335,0.0
1082,0.06035242290748899,0.2268824208288152,0.0,3.502202643171806,0.06607929515418502,96.431718061674,0.0
1083,0.34515418502202644,0.9958546038024302,0.0,46.21145374449339,0.0,53.78854625550661,0.0
1084,0.0,0.0,0.0,0.0,100.0,0.0,0.0
1085,0.0004405286343612335,0.005546631630905794,99.95594713656388,0.04405286343612335,0.0,0.0,0.0
1086,0.0004405286343612335,0.005546631630905794,99.95594713656388,0.0,0.0,0.04405286343612335,0.0
1087,0.0004405286343612335,0.005546631630905794,99.95594713656388,0.04405286343612335,0.0,0.0,0.0
1088,0.007048458149779736,0.0355764479057821,0.0,99.62555066079295,0.0,0.3744493392070484,0.0
1089,0.008370044052863436,0.03908903075987695,0.0,0.4185022026431718,0.0,99.58149779735683,0.0
1090,0.00881057268722467,0.040819652463459435,0.0,99.55947136563876,0.0,0.4405286343612335,0.0
1091,0.012334801762114538,0.0571374735147058,0.0,99.36123348017621,0.0,0.6167400881057269,0.022026431718061675
1092,0.05638766519823789,0.34604863011745696,0.0,6.475770925110131,0.0,93.52422907488986,0.0
1093,0.004405286343612335,0.022615976848305987,0.0,99.77973568281938,0.0,0.22026431718061676,0.0
1094,0.011894273127753305,0.05834740923113434,0.0,99.40528634361233,0.022026431718061675,0.4405286343612335,0.13215859030837004
1095,0.010352422907488987,0.06895969137450404,0.0,0.2643171806167401,99.27312775330397,0.0,0.46255506607929514
1096,0.30198237885462553,0.9919168094016606,0.0,0.06607929515418502,57.246696035242294,0.0,42.68722466960352
1097,0.05991189427312775,0.21493891794400583,0.0,3.303964757709251,0.04405286343612335,96.65198237885463,0.0
1098,0.03480176211453744,0.1357834370706226,0.0,1.762114537444934,0.06607929515418502,0.0,98.17180616740087
1099,0.0026431718061674008,0.014544390369235495,0.0,99.86784140969162,0.0,0.13215859030837004,0.0
1100,0.004845814977973568,0.04470199122659023,0.0,0.0,99.55947136563876,0.30837004405286345,0.13215859030837004
1101,0.0,0.0,0.0,0.0,100.0,0.0,0.0
1102,0.02158590308370044,0.08600523332173393,0.0,98.92070484581498,0.0,1.079295154185022,0.0
1103,0.004845814977973568,0.037341606077754004,0.0,99.60352422907489,0.0,0.39647577092511016,0.0
1104,0.16409691629955947,0.5528316872736907,10.94713656387665,88.5022026431718,0.1762114537444934,0.3524229074889868,0.022026431718061675
1105,0.17290748898678415,0.59351603592094,10.94713656387665,0.04405286343612335,87.84140969162996,0.0,1.1674008810572687
1106,0.15991189427312774,0.5433883928319652,10.94713656387665,0.0,88.54625550660793,0.0,0.5066079295154186
1107,0.16233480176211454,0.5437393434539787,11.035242290748899,0.06607929515418502,0.3744493392070484,0.0,88.52422907488987
1108,0.160352422907489,0.5322168474837797,11.563876651982378,88.30396475770925,0.04405286343612335,0.0881057268722467,0.0
1109,0.16982378854625552,0.574778755328081,11.079295154185022,88.14977973568283,0.15418502202643172,0.5506607929515419,0.06607929515418502
1110,0.0004405286343612335,0.002993615137506825,99.97797356828194,0.0,0.022026431718061675,0.0,0.0
1111,0.012555066079295154,0.055755202360281406,99.36123348017621,0.0,0.6387665198237885,0.0,0.0
1112,0.37819383259911893,1.0281926933339234,52.158590308370044,0.0881057268722467,47.53303964757709,0.0,0.22026431718061676
1113,0.15947136563876652,0.5186043048807054,11.145374449339208,0.0,88.72246696035242,0.0,0.13215859030837004
1114,0.15638766519823788,0.5124186375593043,11.05726872246696,0.022026431718061675,88.8546255506608,0.0,0.06607929515418502
1115,0.15991189427312774,0.5264361566182544,11.079295154185022,0.0,88.6784140969163,0.0,0.2422907488986784
1116,0.18348017621145374,0.602041349026083,12.400881057268723,0.15418502202643172,86.93832599118943,0.0,0.5066079295154186
1117,0.0026431718061674008,0.031988640170290225,99.66960352422907,0.0,0.0,0.0,0.3303964757709251
1118,0.18546255506607928,0.6438119174066708,11.387665198237885,87.04845814977973,0.46255506607929514,0.9911894273127754,0.11013215859030838
1119,0.16409691629955947,0.5444666781683292,11.211453744493392,0.11013215859030838,0.2643171806167401,0.0,88.41409691629956
1120,0.16916299559471365,0.5500279526485599,11.629955947136564,0.0,88.03964757709251,0.0,0.3303964757709251
1121,0.17665198237885463,0.5752656757674901,11.651982378854624,0.6167400881057269,0.022026431718061675,87.70925110132158,0.0
1122,0.16541850220264318,0.5247416486032203,11.651982378854624,0.0,88.30396475770925,0.0,0.04405286343612335
1123,0.17070484581497797,0.5488852071724069,11.651982378854624,88.03964757709251,0.0,0.30837004405286345,0.0
1124,0.2407488986784141,1.0304734228395127,11.651982378854624,0.0,76.25550660792952,0.022026431718061675,12.070484581497798
1125,0.166079295154185,0.5270889292846918,11.651982378854624,0.0,88.28193832599119,0.0,0.06607929515418502
1126,0.16519823788546256,0.5222280138763229,11.651982378854624,0.0,88.32599118942731,0.0,0.022026431718061675
1127,0.17951541850220265,0.5554139554507943,12.533039647577093,0.04405286343612335,0.04405286343612335,0.0,87.37885462555066
1128,0.19185022026431717,0.6349982540843282,12.533039647577093,0.04405286343612335,86.45374449339207,0.2643171806167401,0.7048458149779736
1129,0.17797356828193833,0.549823100332285,12.444933920704845,0.0,87.48898678414096,0.0,0.06607929515418502
1130,0.18458149779735683,0.5987158390096465,12.466960352422909,86.87224669603523,0.0,0.6607929515418502,0.0
1131,0.1828193832599119,0.6048353565043374,12.466960352422909,0.0,0.7488986784140969,0.0,86.78414096916299
1132,0.1830396475770925,0.5672974909056382,12.555066079295155,0.0,87.22466960352423,0.0,0.22026431718061676
1133,0.189647577092511,0.6041269322475129,12.555066079295155,86.76211453744493,0.022026431718061675,0.6607929515418502,0.0
1134,0.17885462555066078,0.5451083461606407,12.555066079295155,0.0,87.44493392070484,0.0,0.0
1135,0.17951541850220265,0.54867568796962,12.577092511013216,0.022026431718061675,0.0,87.40088105726872,0.0
1136,0.17929515418502204,0.5457247908050349,12.577092511013216,0.0,0.0,0.0,87.4229074889868
1137,0.18083700440528636,0.5541454777214342,12.599118942731277,87.33480176211454,0.06607929515418502,0.0,0.0
1138,0.1801762114537445,0.5475703090259743,12.6431718061674,0.0,87.3568281938326,0.0,0.0
1139,0.18105726872246697,0.5511347897332359,12.665198237885464,0.0,87.31277533039648,0.022026431718061675,0.0
1140,0.18105726872246697,0.5511347897332359,12.665198237885464,0.0,87.31277533039648,0.0,0.022026431718061675
1141,0.18612334801762115,0.5740346976314002,12.797356828193832,86.98237885462555,0.0,0.22026431718061676,0.0
1142,0.1828193832599119,0.5548044764861882,12.797356828193832,87.1806167400881,0.0,0.022026431718061675,0.0
1143,0.18237885462555067,0.5518543810736112,12.797356828193832,0.0,0.0,87.20264317180617,0.0
1144,0.1828193832599119,0.552463875110728,12.819383259911895,0.0,0.0,0.0,87.1806167400881
1145,0.1828193832599119,0.552463875110728,12.819383259911895,87.1806167400881,0.0,0.0,0.0
1146,0.18325991189427313,0.5530727428571613,12.841409691629957,87.15859030837004,0.0,0.0,0.0
1147,0.0004405286343612335,0.002993615137506825,99.97797356828194,0.0,0.0,0.0,0.022026431718061675
1148,0.18325991189427313,0.5530727428571613,12.841409691629957,87.15859030837004,0.0,0.0,0.0
1149,0.19229074889867842,0.60555028926101,13.01762114537445,0.0,86.4977973568282,0.3303964757709251,0.15418502202643172
1150,0.18546255506607928,0.5597292126516655,13.083700440528634,0.0,86.91629955947137,0.0,0.0
1151,0.18656387665198237,0.5662284939984695,13.105726872246695,0.022026431718061675,0.0,86.85022026431717,0.022026431718061675
1152,0.18876651982378856,0.5775554796031996,13.105726872246695,0.022026431718061675,86.74008810572687,0.0,0.13215859030837004
1153,0.19295154185022026,0.596867000926491,13.105726872246695,86.4977973568282,0.0,0.39647577092511016,0.0
1154,0.19140969162995594,0.5895949915837672,13.14977973568282,86.58590308370044,0.022026431718061675,0.22026431718061676,0.022026431718061675
1155,0.20484581497797358,0.6418587987014566,13.281938325991188,0.0,85.7488986784141,0.0,0.9691629955947136
1156,0.18986784140969162,0.5686641307892735,13.303964757709252,0.0,0.022026431718061675,0.0,86.67400881057269
1157,0.19162995594713655,0.579987887389658,13.303964757709252,86.56387665198237,0.0,0.13215859030837004,0.0
1158,0.19251101321585903,0.5820233754124335,13.303964757709252,86.54185022026432,0.0,0.15418502202643172,0.0
1159,0.1894273127753304,0.566311202726358,13.325991189427313,0.0,86.67400881057269,0.0,0.0
1160,0.18986784140969162,0.5692593656404531,13.325991189427313,0.022026431718061675,0.0,86.65198237885463,0.0
1161,0.1894273127753304,0.5669059123306239,13.348017621145376,0.0,86.65198237885463,0.0,0.0
1162,0.19911894273127753,0.6227425732873303,13.348017621145376,0.46255506607929514,0.13215859030837004,0.0,86.05726872246696
1163,0.2013215859030837,0.6342606683148837,13.370044052863436,85.90308370044053,0.5947136563876653,0.0881057268722467,0.04405286343612335
1164,0.19427312775330396,0.5969345006528559,13.392070484581497,0.2643171806167401,0.022026431718061675,86.3215859030837,0.0
1165,0.23392070484581498,0.9634703852387287,13.458149779735685,0.04405286343612335,8.105726872246697,0.0,78.3920704845815
1166,0.1947136563876652,0.5846078917726157,13.634361233480178,86.27753303964758,0.0,0.0881057268722467,0.0
1167,0.19559471365638767,0.5867595225667936,13.634361233480178,86.2555066079295,0.0,0.11013215859030838,0.0
1168,0.2039647577092511,0.6132667581358036,14.33920704845815,85.46255506607929,0.0,0.19823788546255508,0.0
1169,0.2013215859030837,0.5988307161848674,14.449339207048459,0.0,85.52863436123349,0.0,0.022026431718061675
1170,0.20881057268722467,0.6275184926723849,14.823788546255507,84.95594713656388,0.0,0.22026431718061676,0.0
1171,0.20616740088105726,0.6105733535862764,14.911894273127754,85.06607929515418,0.0,0.022026431718061675,0.0
1172,0.24713656387665198,0.8212462385173303,25.63876651982379,74.36123348017621,0.0,0.0,0.0
1173,0.25022026431718064,0.8321591823946887,26.16740088105727,0.0,0.022026431718061675,0.0,73.81057268722468
1174,0.2555066079295154,0.8348133788420835,26.54185022026432,0.0,73.45814977973568,0.0,0.0
1175,0.2605726872246696,0.9443592903926339,35.859030837004404,0.022026431718061675,0.0,64.11894273127753,0.0
1176,0.26277533039647577,0.9478730338765797,35.991189427312776,0.04405286343612335,0.0,63.964757709251096,0.0
1177,0.26453744493392073,0.9562989872421409,36.23348017621145,63.65638766519823,0.0,0.11013215859030838,0.0
1178,0.25837004405286346,0.9642859220317616,38.92070484581498,61.07929515418502,0.0,0.0,0.0
1179,0.1962555066079295,0.9917861043239731,44.669603524229075,55.330396475770925,0.0,0.0,0.0
1180,0.08722466960352424,0.3235856299289571,94.09691629955947,5.903083700440528,0.0,0.0,0.0
1181,0.0841409691629956,0.31739541666073323,94.2511013215859,5.748898678414097,0.0,0.0,0.0
1182,0.015418502202643172,0.07578650467490115,99.0748898678414,0.0,0.0,0.9251101321585903,0.0
1183,0.01277533039647577,0.06673092824407525,99.20704845814979,0.0,0.7929515418502203,0.0,0.0
1184,0.01277533039647577,0.06673092824407525,99.20704845814979,0.0,0.0,0.7929515418502203,0.0
1185,0.01277533039647577,0.06673092824407525,99.20704845814979,0.0,0.0,0.0,0.7929515418502203
1186,0.012334801762114538,0.06519184193584726,99.22907488986785,0.0,0.0,0.7709251101321586,0.0
1187,0.011894273127753305,0.06364360458987431,99.2511013215859,0.0,0.7488986784140969,0.0,0.0
1188,0.01145374449339207,0.062085949072340794,99.27312775330397,0.0,0.7268722466960352,0.0,0.0
1189,0.01145374449339207,0.062085949072340794,99.27312775330397,0.0,0.0,0.7268722466960352,0.0
1190,0.01145374449339207,0.062085949072340794,99.27312775330397,0.0,0.7268722466960352,0.0,0.0
1191,0.01145374449339207,0.062085949072340794,99.27312775330397,0.0,0.7268722466960352,0.0,0.0
1192,0.01013215859030837,0.05735354986725806,99.33920704845815,0.0,0.6607929515418502,0.0,0.0
1193,0.009251101321585903,0.05643536308245687,99.38325991189427,0.0,0.0,0.04405286343612335,0.5726872246696035
1194,0.008370044052863436,0.0508923824250578,99.4273127753304,0.0,0.5726872246696035,0.0,0.0
1195,0.007929515418502203,0.04423375643467032,99.51541850220265,0.4845814977973568,0.0,0.0,0.0
1196,0.007929515418502203,0.04423375643467032,99.51541850220265,0.0,0.0,0.0,0.4845814977973568
1197,0.007488986784140969,0.04253430852417633,99.53744493392071,0.0,0.46255506607929514,0.0,0.0
