Begin_position,End_position,Mutability,Shannon_entropy,Gap_percentage
1658,1687,0.022812393598910297,0.1293477798426995,0.0
1659,1688,0.022812393598910297,0.1293477798426995,0.0
1660,1689,0.022812393598910297,0.1293477798426995,0.0
1655,1684,0.023493360572012095,0.1308584340654698,0.0
1656,1685,0.023493360572012095,0.1308584340654698,0.0
1657,1686,0.023493360572012095,0.1308584340654698,0.0
1654,1683,0.023833844058562995,0.1332354684169823,0.0
1644,1673,0.0251957780047666,0.1326671873743627,0.0
1645,1674,0.025536261491317498,0.1350442217258752,0.0
1643,1672,0.025876744977868398,0.1370807307711673,0.0
1647,1676,0.029622063329928294,0.1589283297129778,0.0
1648,1677,0.029622063329928294,0.1589283297129778,0.0
1646,1675,0.029622063329928294,0.15892832971297782,0.0
1667,1696,0.0296220633299283,0.15746549322444703,0.0
1661,1690,0.0299625468164792,0.15984248575629,0.0
1662,1691,0.0299625468164792,0.15984248575629,0.0
1663,1692,0.0299625468164792,0.15984248575629,0.0
1664,1693,0.0303030303030301,0.16221952010780252,0.0
1665,1694,0.0303030303030301,0.16221952010780252,0.0
1666,1695,0.0303030303030301,0.16221952010780252,0.0
1668,1697,0.0313244807626828,0.16737380128091303,0.0
1653,1682,0.03166496424923369,0.17018438680706033,0.0
1652,1681,0.03166496424923369,0.17018438680706033,0.0
1651,1680,0.03166496424923369,0.17018438680706033,0.0
1650,1679,0.03166496424923369,0.17018438680706033,0.0
1649,1678,0.03166496424923369,0.17018438680706033,0.0
1669,1698,0.0316649642492337,0.16975083563242555,0.0
1673,1702,0.0367722165474972,0.19857400606799794,0.0
1674,1703,0.0367722165474972,0.19857400606799794,0.0
1670,1699,0.0394960844399044,0.20966142011729744,0.0
1672,1701,0.0394960844399044,0.20966142011729744,0.0
1671,1700,0.0394960844399044,0.20966142011729744,0.0
1582,1611,0.0405175348995571,0.2111826808822011,0.0
1583,1612,0.042560435818862506,0.2228038484192111,0.0
1581,1610,0.044262853251617,0.2574147626180329,0.0
1580,1609,0.044262853251617,0.2574147626180329,0.0
1577,1606,0.0452843037112697,0.2523765661966399,0.0
1578,1607,0.0456247871978206,0.2567901095934445,0.0
1676,1705,0.0463057541709224,0.2356260141252329,0.0
1579,1608,0.0483486550902278,0.27211889184087484,0.0
1675,1704,0.0486891385767787,0.2513052776930389,0.0
1575,1604,0.0490296220633296,0.27021585160649825,0.0
1576,1605,0.0497105890364314,0.27462939500330286,0.0
1567,1596,0.0514130064691859,0.28750881161122177,0.0
1574,1603,0.0531154239019404,0.29141377897003745,0.0
415,444,0.0531154239019404,0.29206044181835095,0.0
413,442,0.0531154239019404,0.2917199165121306,0.0
414,443,0.0534559073884913,0.29409695086364307,0.0
1565,1594,0.05652025876744939,0.31417092039417355,0.0
1566,1595,0.05686074225400029,0.31654795474568603,0.0
1572,1601,0.0568607422540003,0.3075066849822324,0.0
1573,1602,0.0568607422540003,0.3075066849822324,0.0
1571,1600,0.0568607422540003,0.3075066849822324,0.0
1570,1599,0.058222676200203896,0.3162050911043279,0.0
1569,1598,0.058222676200203896,0.3162050911043279,0.0
1568,1597,0.058222676200203896,0.3162050911043279,0.0
1584,1613,0.059244126659856705,0.3107417392690227,0.0
410,439,0.0626489615253656,0.3383830248623452,0.0
411,440,0.0629894450119165,0.3407600592138577,0.0
1586,1615,0.0629894450119166,0.3337568148672623,0.0
412,441,0.0633299284984674,0.3431370935653702,0.0
1587,1616,0.0633299284984675,0.33613384921877476,0.0
1585,1614,0.0633299284984675,0.3346221354086552,0.0
1588,1617,0.0680966973101801,0.36033413160642425,0.0
1094,1123,0.06860742254000639,0.3586610419693437,0.0
1095,1124,0.06860742254000639,0.3586610419693437,0.0
1096,1125,0.06894790602655729,0.36103807632085616,0.0
1099,1128,0.0689479060265573,0.3610712417580319,0.0
1097,1126,0.0696288729996591,0.3661657521279382,0.0
1098,1127,0.0696288729996591,0.36582526864138737,0.0
1224,1253,0.07422540006809619,0.40087910800673104,0.0
1225,1254,0.07422540006809619,0.40087910800673104,0.0
1223,1252,0.07422540006809619,0.40087910800673104,0.0
1228,1257,0.0745658835546471,0.403532853879148,0.0
1226,1255,0.074906367041198,0.4059098882306605,0.0
1227,1256,0.074906367041198,0.4059098882306605,0.0
1592,1621,0.0762683009874017,0.4058116346013489,0.0
1589,1618,0.0772897514470544,0.4019220300271884,0.0
1590,1619,0.0772897514470544,0.4019220300271884,0.0
1591,1620,0.0772897514470544,0.4019220300271884,0.0
408,437,0.08035410282601248,0.45165732835944195,0.0
407,436,0.08035410282601248,0.45165732835944195,0.0
409,438,0.08035410282601248,0.45165732835944195,0.0
416,445,0.0818862785154916,0.41077120513744575,0.0
417,446,0.0818862785154916,0.41077120513744575,0.0
1561,1590,0.0837589376915216,0.43990169404439367,0.0
1232,1261,0.0840994211780724,0.45566660903737677,0.0
1231,1260,0.0847803881511742,0.4569741157985161,0.0
1230,1259,0.0847803881511742,0.4569741157985161,0.0
1028,1057,0.08546135512427609,0.4673825186030465,0.0
1236,1265,0.0858018386108269,0.4610252287208088,0.0
1029,1058,0.08580183861082699,0.4692904724572018,0.0
1030,1059,0.08580183861082699,0.4692904724572018,0.0
1237,1266,0.0861423220973778,0.4634022630723213,0.0
1240,1269,0.0861423220973778,0.4641611060928418,0.0
1235,1264,0.08716377255703049,0.46917118123414764,0.0
1233,1262,0.08716377255703049,0.47220153006965676,0.0
1234,1263,0.08716377255703049,0.47220153006965676,0.0
608,637,0.08784473953013239,0.5051454192480003,0.0
610,639,0.08784473953013239,0.5051454192480003,0.0
609,638,0.08784473953013239,0.5051454192480003,0.0
1239,1268,0.08818522301668319,0.4757822736298518,0.0
1523,1552,0.08852570650323409,0.43912961863797007,0.0
1524,1553,0.08852570650323409,0.43912961863797007,0.0
1238,1267,0.088866189989785,0.48019581702665637,0.0
1641,1670,0.09039836567926439,0.48634141369385775,0.0
1640,1669,0.09039836567926439,0.48634141369385775,0.0
1642,1671,0.09039836567926439,0.48634141369385775,0.0
1521,1550,0.0909090909090904,0.4516286375727997,0.0
464,493,0.0909090909090905,0.5672048891739996,0.0
1522,1551,0.0912495743956413,0.4540056719243122,0.0
1639,1668,0.09176029962546799,0.4933127754696043,0.0
963,992,0.0919305413687431,0.5052609304574959,0.0
964,993,0.0919305413687431,0.5052609304574959,0.0
1638,1667,0.09210078311201889,0.49568980982111677,0.0
1637,1666,0.09210078311201889,0.49568980982111677,0.0
1178,1207,0.09227102485529429,0.42219970373626514,0.0
1457,1486,0.09244126659856941,0.48293457450537586,0.0
1525,1554,0.0929519918283958,0.46332990102561955,0.0
1180,1209,0.09295199182839609,0.42661324713306975,0.0
1179,1208,0.09295199182839609,0.42661324713306975,0.0
962,991,0.0932924753149467,0.5114918259591446,0.0
1563,1592,0.0939734422880486,0.48385529164233915,0.0
1564,1593,0.0939734422880486,0.48385529164233915,0.0
1562,1591,0.0939734422880486,0.48385529164233915,0.0
1176,1205,0.0939734422880488,0.4296650191933984,0.0
1177,1206,0.0939734422880488,0.4296650191933984,0.0
1175,1204,0.0939734422880488,0.4296650191933984,0.0
418,447,0.094143684031324,0.4672022822589862,0.0
451,480,0.094484167517875,0.6024698632344118,0.0
450,479,0.0948246510044259,0.6045063722797038,0.0
449,478,0.0951651344909768,0.6068834066312163,0.0
1170,1199,0.09567585972080318,0.44514744230969866,0.0
1171,1200,0.09567585972080318,0.44514744230969866,0.0
1169,1198,0.09567585972080318,0.44514744230969866,0.0
466,495,0.09669731018045578,0.5942454995076116,0.0
779,808,0.0970377936670068,0.4600200908698942,0.0
782,811,0.09737827715355768,0.4640189562590173,0.0
783,812,0.09737827715355768,0.4640189562590173,0.0
784,813,0.09737827715355768,0.4640189562590173,0.0
1229,1258,0.09771876064010841,0.5197719516587944,0.0
612,641,0.09771876064010859,0.5437424867133335,0.0
1181,1210,0.0977187606401087,0.45136826848309697,0.0
613,642,0.09805924412665949,0.546119521064846,0.0
965,994,0.0983997276132102,0.540339570884693,0.0
966,995,0.0983997276132102,0.540339570884693,0.0
465,494,0.0983997276132103,0.6041538075640775,0.0
463,492,0.0983997276132103,0.6018671877702739,0.0
462,491,0.0983997276132103,0.6018671877702739,0.0
461,490,0.0983997276132103,0.6018671877702739,0.0
611,640,0.09839972761321039,0.5484965135966889,0.0
457,486,0.0985699693564858,0.6117161979470229,0.0
468,497,0.09874021109976118,0.6044589232889317,0.0
1031,1060,0.09874021109976118,0.5305795196288253,0.0
467,496,0.09874021109976118,0.6044589232889317,0.0
1173,1202,0.0990806945863123,0.4529352441660362,0.0
1174,1203,0.0990806945863123,0.4529352441660362,0.0
456,485,0.0992509363295876,0.6161297413438276,0.0
967,996,0.0994211780728629,0.5471300649865489,0.0
1032,1061,0.09942117807286298,0.5349930630256299,0.0
1035,1064,0.09942117807286299,0.5353090868629726,0.0
1033,1062,0.09976166155941389,0.537029572070922,0.0
603,632,0.1001021450459649,0.47073253390705827,0.0
1034,1063,0.10044262853251569,0.541078005024799,0.0
781,810,0.10044262853251579,0.4789316696200683,0.0
780,809,0.10044262853251579,0.4789316696200683,0.0
604,633,0.1018045624787194,0.48064084196352425,0.0
455,484,0.10197480422199481,0.6310590429675719,0.0
1636,1665,0.101974804221995,0.5435444229075943,0.0
1036,1065,0.10214504596527019,0.5502383884867169,0.0
1635,1664,0.1023152877085459,0.5459214572591068,0.0
605,634,0.1028260129383721,0.4842719107529366,0.0
606,635,0.1028260129383721,0.4842719107529366,0.0
607,636,0.1028260129383721,0.4842719107529366,0.0
623,652,0.10316649642492298,0.5472868616588082,0.0
776,805,0.103166496424923,0.5023894212618376,0.0
777,806,0.103166496424923,0.5023894212618376,0.0
778,807,0.103166496424923,0.5023894212618376,0.0
624,653,0.10350697991147388,0.5496638960103207,0.0
625,654,0.10350697991147388,0.5496638960103207,0.0
615,644,0.1035069799114739,0.5623779656084686,0.0
616,645,0.1035069799114739,0.5623779656084686,0.0
614,643,0.1035069799114739,0.5623779656084686,0.0
1025,1054,0.10384746339802478,0.5999520295119586,0.0
618,647,0.1038474633980248,0.5640496570981651,0.0
619,648,0.1038474633980248,0.5640496570981651,0.0
1634,1663,0.10435818862785129,0.5609408585823874,0.0
617,646,0.10589036431733019,0.575670824635175,0.0
452,481,0.10606060606060559,0.6528822910037089,0.0
454,483,0.10606060606060559,0.6528822910037089,0.0
453,482,0.10606060606060559,0.6528822910037089,0.0
1022,1051,0.10623084780388109,0.6048777342014626,0.0
458,487,0.1064010895471565,0.6476431831470617,0.0
459,488,0.1064010895471565,0.6476431831470617,0.0
1172,1201,0.10657133129043209,0.4939190400132704,0.0
1182,1211,0.1065713312904321,0.49822067499216127,0.0
1183,1212,0.1065713312904321,0.49822067499216127,0.0
1633,1662,0.1067415730337076,0.5749388094460153,0.0
621,650,0.10691181477698289,0.560246659484497,0.0
622,651,0.10691181477698289,0.560246659484497,0.0
620,649,0.10691181477698289,0.560246659484497,0.0
460,489,0.1070820565202583,0.6515876460465091,0.0
1190,1219,0.10725229826353379,0.5182452552812575,0.0
1024,1053,0.10725229826353379,0.6111992314524225,0.0
1023,1052,0.10725229826353379,0.6111992314524225,0.0
1632,1661,0.1074225400068094,0.5796928363293707,0.0
1458,1487,0.10810350697991089,0.5513168926567971,0.0
1459,1488,0.10810350697991089,0.5513168926567971,0.0
1242,1271,0.10895471569628819,0.5501056301150528,0.0
1241,1270,0.10895471569628819,0.5501056301150528,0.0
1243,1272,0.10929519918283909,0.5524826644665652,0.0
1027,1056,0.10963568266939008,0.6299541281825172,0.0
1026,1055,0.10963568266939008,0.6299541281825172,0.0
1462,1491,0.11014640789921629,0.562746807404099,0.0
772,801,0.11048689138576731,0.5513221301347504,0.0
771,800,0.11048689138576731,0.5513221301347504,0.0
1631,1660,0.11048689138576749,0.5962277573616506,0.0
1461,1490,0.11082737487231809,0.5671603508009035,0.0
1460,1489,0.11082737487231809,0.5671603508009035,0.0
1221,1250,0.11116785835886907,0.5840086848356443,0.0
1222,1251,0.11116785835886907,0.5840086848356443,0.0
626,655,0.11304051753489908,0.5900340237787054,0.0
628,657,0.11372148450800088,0.59444756717551,0.0
627,656,0.11372148450800088,0.59444756717551,0.0
969,998,0.11406196799455169,0.5979757374250628,0.0
970,999,0.11406196799455169,0.5979757374250628,0.0
629,658,0.11440245148110269,0.5971487059132645,0.0
630,659,0.11440245148110269,0.5971487059132645,0.0
631,660,0.11440245148110269,0.5971487059132645,0.0
968,997,0.1167858358869589,0.612905039048807,0.0
1192,1221,0.11746680286006078,0.5670508976374226,0.0
1191,1220,0.11746680286006078,0.5670508976374226,0.0
1187,1216,0.1174668028600609,0.5566029424852618,0.0
1186,1215,0.1178072863466118,0.5589790551551423,0.0
1184,1213,0.1178072863466118,0.5589790551551423,0.0
1185,1214,0.1178072863466118,0.5589790551551423,0.0
775,804,0.118658495062989,0.5727499709929412,0.0
644,673,0.11950970377936619,0.6660764895978138,0.0
773,802,0.1196799455226417,0.5790714682439011,0.0
774,803,0.1196799455226417,0.5790714682439012,0.0
1189,1218,0.1198501872659172,0.5698958015119682,0.0
1188,1217,0.1198501872659172,0.5698958015119682,0.0
971,1000,0.12019067075246799,0.6387782797035141,0.0
973,1002,0.12053115423901889,0.6411553140550266,0.0
972,1001,0.12053115423901889,0.6411553140550266,0.0
1041,1070,0.12104187946884518,0.7791602747395783,0.0
1220,1249,0.12104187946884518,0.6304372928402968,0.0
1323,1352,0.1212121212121208,0.5430192192488317,0.0
1324,1353,0.1212121212121208,0.5430192192488317,0.0
1042,1071,0.12138236295539608,0.7815373090910908,0.0
641,670,0.12189308818522249,0.6779752101703763,0.0
1037,1066,0.12189308818522249,0.7841495759877051,0.0
1040,1069,0.12206332992849787,0.7849291929014047,0.0
1218,1247,0.12206332992849787,0.6352873092720908,0.0
1630,1659,0.1220633299284982,0.6453456206316289,0.0
645,674,0.12223357167177339,0.6810057912215581,0.0
643,672,0.12223357167177339,0.6803522027022192,0.0
1219,1248,0.12240381341504877,0.6376643436236032,0.0
1629,1658,0.1224038134150491,0.6477226549831414,0.0
109,138,0.12257405515832429,0.8237405612271431,0.0
646,675,0.12257405515832429,0.6833828255730706,0.0
642,671,0.12257405515832429,0.6827292370537318,0.0
557,586,0.12274429690159991,0.5795972501547257,0.0
558,587,0.12274429690159991,0.5795972501547257,0.0
559,588,0.12274429690159991,0.5795972501547257,0.0
1045,1074,0.1229145386448751,0.7695241705703851,0.0
1043,1072,0.1229145386448751,0.7695241705703851,0.0
1044,1073,0.1229145386448751,0.7695241705703851,0.0
108,137,0.1232550221314261,0.8276850241265905,0.0
1623,1652,0.1241062308478036,0.6659371461024789,0.0
1217,1246,0.12444671433435418,0.6485801682987972,0.0
1628,1657,0.12478719782090539,0.6610155140098478,0.0
1196,1225,0.125468164794007,0.6426156002057641,0.0
1197,1226,0.12546816479400702,0.6426156002057641,0.0
562,591,0.12546816479400708,0.5921763650053652,0.0
561,590,0.12546816479400708,0.5921763650053652,0.0
560,589,0.12546816479400708,0.5921763650053652,0.0
1198,1227,0.12580864828055793,0.6449926345572766,0.0
1199,1228,0.1264896152536597,0.6487249599988526,0.0
1322,1351,0.1270003404834861,0.5758365009474361,0.0
1038,1067,0.12734082397003688,0.8112816316892447,0.0
1259,1288,0.1273408239700369,0.5863144816387116,0.0
1214,1243,0.1278515491998632,0.6603477086176441,0.0
469,498,0.12802179094313879,0.7254735666857214,0.0
125,154,0.1290432414027915,0.6531358950003574,0.0
1216,1245,0.1292134831460668,0.6684936611309831,0.0
1215,1244,0.1292134831460668,0.6684936611309831,0.0
1627,1656,0.12921348314606712,0.6858297775759595,0.0
1039,1068,0.12938372488934227,0.8229027992262548,0.0
1213,1242,0.1295539666326177,0.672478728221559,0.0
1212,1241,0.1295539666326177,0.672478728221559,0.0
470,499,0.12972420837589327,0.7341811625853886,0.0
471,500,0.13006469186244418,0.736558196936901,0.0
472,501,0.1300646918624442,0.736558196936901,0.0
1626,1655,0.13023493360571983,0.6921512748269193,0.0
1625,1654,0.13057541709227072,0.6945283091784319,0.0
1263,1292,0.1307456588355459,0.6021756334496509,0.0
1264,1293,0.1310861423220968,0.6045526678011633,0.0
1321,1350,0.1310861423220969,0.5951788957864534,0.0
1320,1349,0.1310861423220969,0.5951788957864534,0.0
126,155,0.13142662580864778,0.6656881622725892,0.0
127,156,0.13142662580864778,0.6656881622725892,0.0
1319,1348,0.13142662580864778,0.5975559301379658,0.0
1624,1653,0.13193735103847432,0.7028860644925569,0.0
474,503,0.13210759278174958,0.7451135063037776,0.0
475,504,0.13210759278174958,0.7451135063037776,0.0
473,502,0.13210759278174958,0.7451135063037776,0.0
1517,1546,0.13278855975485143,0.7497044522725644,0.0
1465,1494,0.1332992849846777,0.6519526794519427,0.0
1202,1231,0.1336397684712285,0.6873427244338651,0.0
1203,1232,0.1336397684712285,0.6873427244338651,0.0
1204,1233,0.1336397684712285,0.6873427244338651,0.0
1464,1493,0.13363976847122858,0.6543297138034552,0.0
1262,1291,0.133810010214504,0.6187105544819309,0.0
638,667,0.1338100102145041,0.7270442122934477,0.0
639,668,0.1338100102145041,0.7270442122934477,0.0
1518,1547,0.13381001021450412,0.7554733704343908,0.0
1260,1289,0.1344909771876058,0.6200489036898352,0.0
1463,1492,0.1346612189308813,0.6606512110544152,0.0
640,669,0.1348314606741568,0.7333657095444076,0.0
477,506,0.1351719441607078,0.5983241359661359,0.0
478,507,0.1355124276472587,0.6007011703176484,0.0
1520,1549,0.13585291113380948,0.7637182035071448,0.0
124,153,0.13585291113380948,0.6908152333464462,0.0
1509,1538,0.13619339462036031,0.7694367776422936,0.0
1205,1234,0.1363636363636357,0.7034250481195745,0.0
1261,1290,0.1365338781069112,0.6323340369282225,0.0
1510,1539,0.13653387810691123,0.7738503210390981,0.0
1519,1548,0.1365338781069113,0.7673623166291867,0.0
1268,1297,0.13687436159346208,0.6327016781410151,0.0
1270,1299,0.13687436159346208,0.6327016781410151,0.0
1269,1298,0.13687436159346208,0.6327016781410151,0.0
816,845,0.13687436159346228,0.7595420466135057,0.0
815,844,0.1372148450800132,0.761919080965018,0.0
976,1005,0.137555328566564,0.7150960939370912,0.0
975,1004,0.137555328566564,0.7150960939370912,0.0
974,1003,0.137555328566564,0.7150960939370912,0.0
1207,1236,0.13772557030983928,0.7115710006329135,0.0
1206,1235,0.13772557030983928,0.7115710006329135,0.0
123,152,0.13789581205311488,0.7017310580216402,0.0
1209,1238,0.13806605379639017,0.714759548578316,0.0
1208,1237,0.1380660537963902,0.7147595485783161,0.0
1211,1240,0.13840653728294108,0.7193311347306233,0.0
1560,1589,0.13857677902621682,0.8106065887911911,0.0
1267,1296,0.1389172625127675,0.6409343427991827,0.0
122,151,0.1389172625127676,0.7080525552726,0.0
1265,1294,0.13925774599931842,0.6433113771506952,0.0
1266,1295,0.13925774599931842,0.6433113771506952,0.0
476,505,0.1392577459993186,0.6177703914704299,0.0
1559,1588,0.13925774599931862,0.8150201321879957,0.0
1508,1537,0.1395982294858693,0.7875499301180562,0.0
1163,1192,0.1395982294858695,0.7515434875435316,0.0
1164,1193,0.1395982294858695,0.7515434875435316,0.0
1165,1194,0.1395982294858695,0.7515434875435316,0.0
1210,1239,0.14010895471569557,0.7263807161153261,0.0
1051,1080,0.14010895471569568,0.8418585371900149,0.0
1200,1229,0.1404494382022466,0.7183132899609869,0.0
1201,1230,0.1404494382022466,0.7183132899609869,0.0
1558,1587,0.14096016343207313,0.8249280218696452,0.0
1244,1273,0.1413006469186239,0.655236731198322,0.0
635,664,0.1416411304051749,0.8086744452164885,0.0
1050,1079,0.1418113721484502,0.8517668452464808,0.0
564,593,0.14181137214845038,0.6524181995987561,0.0
634,663,0.1419816138917258,0.8101485458056998,0.0
1194,1223,0.14215185563500118,0.7013782127915476,0.0
1195,1224,0.14215185563500118,0.7013782127915476,0.0
1193,1222,0.14215185563500118,0.7013782127915476,0.0
565,594,0.1421518556350013,0.6547952339502686,0.0
1497,1526,0.1423220973782765,0.8128155634458246,0.0
1496,1525,0.1423220973782765,0.8128155634458246,0.0
817,846,0.14266258086482758,0.7909582240994824,0.0
1047,1076,0.14283282260810287,0.8603671025839142,0.0
1048,1077,0.14283282260810287,0.8603671025839142,0.0
1049,1078,0.14317330609465378,0.8604652513685763,0.0
819,848,0.14334354783792938,0.8063426667453166,0.0
818,847,0.14334354783792938,0.8063426667453166,0.0
820,849,0.14334354783792938,0.8063426667453166,0.0
1046,1075,0.14351378958120467,0.8647806459807189,0.0
633,662,0.1436840313244803,0.820056853862166,0.0
563,592,0.14385427306775578,0.6640393671357661,0.0
567,596,0.1438542730677558,0.6647035420067346,0.0
566,595,0.1438542730677558,0.6647035420067346,0.0
632,661,0.1440245148110312,0.8224338882136785,0.0
1498,1527,0.1443649982975819,0.8244367309828347,0.0
1246,1275,0.144364998297582,0.6697993602712926,0.0
1245,1274,0.144364998297582,0.6697993602712926,0.0
129,158,0.14470548178413298,0.7281831496307412,0.0
1557,1586,0.14470548178413303,0.8461778163024832,0.0
1308,1337,0.1448757235274085,0.8637421524426877,0.0
1307,1336,0.1448757235274085,0.8637421524426877,0.0
1309,1338,0.1448757235274085,0.8637421524426877,0.0
1304,1333,0.14487572352740852,0.866118684487586,0.0
1306,1335,0.14487572352740852,0.866118684487586,0.0
1305,1334,0.14487572352740852,0.866118684487586,0.0
1514,1543,0.1450459652706838,0.8049053837363442,0.0
1515,1544,0.1450459652706838,0.8049053837363442,0.0
128,157,0.1450459652706839,0.7305601839822535,0.0
1253,1282,0.1453864487572347,0.6783164740579843,0.0
1516,1545,0.14538644875723472,0.8072824180878567,0.0
1452,1481,0.1458971739870611,0.6631575191731388,0.0
1453,1482,0.1458971739870611,0.6631575191731388,0.0
1451,1480,0.1458971739870611,0.6631575191731388,0.0
1258,1287,0.1460674157303365,0.6787061226812717,0.0
1257,1286,0.1460674157303365,0.6787061226812717,0.0
1256,1285,0.14640789921688738,0.6810831570327842,0.0
1595,1624,0.146578140960163,1.0515750953545295,0.0
1596,1625,0.14657814096016303,1.0515750953545295,0.0
1598,1627,0.14657814096016306,1.059416822289548,0.0
1318,1347,0.1467483827034384,0.6690526931260061,0.0
1317,1346,0.1467483827034384,0.6690526931260061,0.0
1316,1345,0.1467483827034384,0.6690526931260061,0.0
1556,1585,0.1467483827034384,0.8577989838394934,0.0
568,597,0.1472591079332648,0.6859014693702739,0.0
1597,1626,0.14725910793326483,1.0555195582539771,0.0
1252,1281,0.14776983316309097,0.6860931213013098,0.0
1251,1280,0.14776983316309097,0.6860931213013098,0.0
1593,1622,0.1479400749063666,1.057375226721172,0.0
1594,1623,0.1479400749063666,1.057375226721172,0.0
1250,1279,0.1481103166496419,0.6884701556528223,0.0
1249,1278,0.1481103166496419,0.6884701556528224,0.0
1512,1541,0.14811031664964192,0.817092119803061,0.0
1511,1540,0.14811031664964192,0.817092119803061,0.0
1247,1276,0.1484508001361928,0.6908471900043349,0.0
1248,1277,0.1484508001361928,0.6908471900043349,0.0
1513,1542,0.14845080013619283,0.8194691541545734,0.0
1506,1535,0.14879128362274363,0.8353950668831566,0.0
1505,1534,0.14879128362274363,0.8353950668831566,0.0
1254,1283,0.1487912836227437,0.6979832143023909,0.0
1255,1284,0.1487912836227437,0.6979832143023909,0.0
1599,1628,0.14896152536601937,1.0727096813162542,0.0
1310,1339,0.1493020088525702,0.8868823345491228,0.0
1311,1340,0.1493020088525702,0.8868823345491228,0.0
1600,1629,0.14930200885257028,1.0750867156677668,0.0
1507,1536,0.14947225059584543,0.8398086102799611,0.0
1445,1474,0.1494722505958455,0.6690120468300922,0.0
1312,1341,0.1496424923391211,0.8892593689006353,0.0
1019,1048,0.14998297582567208,0.9036075430659839,0.0
977,1006,0.15032345931222277,0.7722066262899497,0.0
978,1007,0.15032345931222277,0.7722066262899497,0.0
979,1008,0.15032345931222277,0.7722066262899497,0.0
1454,1483,0.1503234593122228,0.677804366825005,0.0
1455,1484,0.1503234593122228,0.677804366825005,0.0
636,665,0.1504937010554983,0.8585730249880444,0.0
637,666,0.1504937010554983,0.8585730249880444,0.0
1166,1195,0.15049370105549842,0.791958533240922,0.0
1456,1485,0.1506639427987737,0.6798408758702971,0.0
906,935,0.1506639427987737,0.9707691490309565,0.0
905,934,0.1506639427987737,0.9707691490309565,0.0
1502,1531,0.150834184542049,0.8476799490966491,0.0
1503,1532,0.150834184542049,0.8476799490966491,0.0
1504,1533,0.150834184542049,0.8476799490966491,0.0
1167,1196,0.15083418454204933,0.7943355675924345,0.0
1168,1197,0.15083418454204933,0.7943355675924345,0.0
1020,1049,0.15134490977187567,0.9123059491880794,0.0
130,159,0.15185563500170188,0.7623892081186987,0.0
1059,1088,0.15236636023152828,0.9918377476033148,0.0
1060,1089,0.15236636023152828,0.9918377476033148,0.0
1021,1050,0.1527068437180793,0.9198372228930329,0.0
131,160,0.15287708546135456,0.7683329339357844,0.0
907,936,0.15304732720463002,0.9850905821094107,0.0
909,938,0.15304732720463013,0.9890509028884434,0.0
910,939,0.15304732720463013,0.9890509028884434,0.0
1501,1530,0.15321756894790528,0.8609728081233555,0.0
1499,1528,0.15321756894790528,0.8609728081233555,0.0
1500,1529,0.15321756894790528,0.8609728081233555,0.0
1447,1476,0.15321756894790542,0.6898347146258802,0.0
1446,1475,0.15321756894790542,0.6898347146258802,0.0
825,854,0.1532175689479057,0.988908458005545,0.0
826,855,0.1532175689479057,0.988908458005545,0.0
1450,1479,0.1533878106911809,0.6914161040628459,0.0
1449,1478,0.1533878106911809,0.6914161040628459,0.0
1058,1087,0.153387810691181,0.9981592448542747,0.0
106,135,0.15423901940755827,1.0865669120755983,0.0
133,162,0.15491998638065999,0.7785464831974815,0.0
908,937,0.15509022812393553,1.0016100641272456,0.0
132,161,0.15594143684031267,0.7848678549680644,0.0
770,799,0.1561116785835882,0.8667152283665297,0.0
1056,1085,0.1571331290432409,1.017531209778694,0.0
1057,1086,0.1571331290432409,1.017531209778694,0.0
105,134,0.15730337078651638,1.1038729132939493,0.0
1271,1300,0.1579843377596181,0.7259774837623478,0.0
1063,1092,0.1595165134490973,1.0217642413728751,0.0
653,682,0.15968675519237258,0.9791235799544894,0.0
655,684,0.15968675519237263,0.9791235799544894,0.0
654,683,0.15968675519237263,0.9791235799544894,0.0
1284,1313,0.16019748042219906,0.9563685969997676,0.0
1285,1314,0.16019748042219906,0.9563685969997676,0.0
1062,1091,0.1601974804221991,1.0261777847696796,0.0
112,141,0.16036772216547449,0.94744419186055,0.0
1061,1090,0.16053796390875,1.0282142938149716,0.0
107,136,0.16104868913857626,1.1130616824971455,0.0
824,853,0.1610486891385764,1.0285573001496893,0.0
1448,1477,0.16121893088185163,0.7264151120269446,0.0
1436,1465,0.16138917262512706,0.7310237001330554,0.0
1437,1466,0.16138917262512706,0.7310237001330554,0.0
1438,1467,0.16138917262512706,0.7310237001330554,0.0
111,140,0.16138917262512723,0.9537656891115099,0.0
117,146,0.16138917262512723,0.9448071729614648,0.0
110,139,0.162070139598229,0.957352499917016,0.0
404,433,0.16207013959822913,0.9695949968725701,0.0
405,434,0.16207013959822913,0.96959499687257,0.0
91,120,0.16224038134150437,0.9249319450941668,0.0
1055,1084,0.1629213483146062,1.0475333084492529,0.0
90,119,0.1629213483146062,0.9296859719775222,0.0
116,145,0.1630915900578817,0.9553299925048967,0.0
1283,1312,0.16360231528770808,0.9760353372441741,0.0
1444,1473,0.16411304051753425,0.7500984744193074,0.0
1443,1472,0.16411304051753425,0.7500984744193074,0.0
649,678,0.16411304051753428,1.003957571877755,0.0
648,677,0.16411304051753428,1.003957571877755,0.0
647,676,0.16411304051753428,1.003957571877755,0.0
104,133,0.1641130405175344,1.1435217554380936,0.0
1601,1630,0.16428328226081,1.1423177314135078,0.0
1439,1468,0.16445352400408517,0.7437723361354839,0.0
1440,1469,0.16445352400408517,0.7437723361354838,0.0
1442,1471,0.16513449097718694,0.7564199716702673,0.0
896,925,0.165474974463738,0.7684699533311169,0.0
898,927,0.165474974463738,0.7684699533311169,0.0
897,926,0.165474974463738,0.7684699533311169,0.0
406,435,0.16615594143683993,0.9904055553231498,0.0
115,144,0.1664964249233907,0.9730878579997329,0.0
113,142,0.1664964249233907,0.9732999117826459,0.0
904,933,0.1666666666666661,1.0310745186579093,0.0
903,932,0.1666666666666661,1.0310745186579093,0.0
902,931,0.1666666666666661,1.0310745186579093,0.0
114,143,0.16683690840994161,0.975124367045025,0.0
241,270,0.1670071501532171,0.9244149402665217,0.0
1604,1633,0.16700715015321718,1.1594914777170082,0.0
650,679,0.1671773918964924,1.0163953877471212,0.0
652,681,0.1671773918964924,1.0163953877471212,0.0
651,680,0.1671773918964924,1.0163953877471212,0.0
1602,1631,0.1673476336397681,1.1588526524457878,0.0
823,852,0.1675178753830435,1.064972909624412,0.0
822,851,0.1675178753830435,1.064972909624412,0.0
89,118,0.16802860061286967,0.9577360912912471,0.0
240,269,0.1680286006128698,0.9325608927798607,0.0
1603,1632,0.1680286006128699,1.1636066793291433,0.0
239,268,0.1683690840994207,0.9349379271313731,0.0
1441,1470,0.16853932584269596,0.7679726185231333,0.0
1280,1309,0.16870956758597155,1.0116184305672469,0.0
1281,1310,0.16870956758597155,1.0116184305672469,0.0
1282,1311,0.16870956758597155,1.0116184305672469,0.0
1606,1635,0.1687095675859717,1.1724743699949967,0.0
1053,1082,0.1690500510725224,1.0799116876256392,0.0
1054,1083,0.1690500510725224,1.0799116876256392,0.0
1605,1634,0.16905005107252258,1.1745108790402887,0.0
1278,1307,0.16939053455907338,1.0135697399533798,0.0
1277,1306,0.16939053455907338,1.0135697399533798,0.0
1279,1308,0.16939053455907338,1.0135697399533798,0.0
1052,1081,0.17007150153217507,1.086233184876599,0.0
118,147,0.17092271024855243,0.993434533520531,0.0
1333,1362,0.17092271024855252,1.1666009981039536,0.0
900,929,0.1716036772216542,0.7964462036061306,0.0
899,928,0.1716036772216542,0.7964462036061306,0.0
901,930,0.1716036772216542,0.7964462036061306,0.0
1275,1304,0.17211440245148063,1.0267127107688716,0.0
1276,1305,0.17211440245148063,1.0267127107688716,0.0
1332,1361,0.17228464419475611,1.1747469506172925,0.0
821,850,0.17296561116785789,1.093547235682035,0.0
1272,1301,0.1733060946544087,0.7955835605968145,0.0
1273,1302,0.17330609465440872,0.7955835605968145,0.0
77,106,0.173476336397684,0.8509260465842655,0.0
1331,1360,0.1743275451140615,1.1852627088442322,0.0
1610,1639,0.1748382703438879,1.194198893620579,0.0
1611,1640,0.1748382703438879,1.194198893620579,0.0
1612,1641,0.1748382703438879,1.194198893620579,0.0
1609,1638,0.1751787538304388,1.1990191870696352,0.0
554,583,0.1762002042900916,0.9069122000752822,0.0
555,584,0.1762002042900916,0.9069122000752822,0.0
1274,1303,0.17654068777664234,1.0494212923551811,0.0
556,585,0.1768811712631934,0.9113257434720867,0.0
721,750,0.1777323799795706,1.0131936598136733,0.0
720,749,0.1777323799795706,1.0131936598136733,0.0
1608,1637,0.177902621722846,1.2143479693170653,0.0
1607,1636,0.17824310520939687,1.21876151271387,0.0
1302,1331,0.17841334695267239,1.2138020875502133,0.0
1303,1332,0.1794347974123251,1.2195710057120397,0.0
666,695,0.18232890704800758,1.1154386145726811,0.0
667,696,0.18232890704800758,1.1154386145726811,0.0
547,576,0.1823289070480079,0.9075155528871403,0.0
546,575,0.1823289070480079,0.9075155528871403,0.0
545,574,0.1823289070480079,0.9075155528871403,0.0
120,149,0.18386108273748675,1.0966011996311087,0.0
119,148,0.18420156622403763,1.098978233982621,0.0
662,691,0.184371807967313,1.1311311358562797,0.0
1325,1354,0.1845420497105886,1.2208000805287633,0.0
1326,1355,0.18488253319713951,1.223177114880276,0.0
1327,1356,0.18488253319713951,1.223177114880276,0.0
100,129,0.18505277494041486,1.2209150768112893,0.0
121,150,0.18522301668369034,1.1047471521444476,0.0
1328,1357,0.1855635001702413,1.2275906582770806,0.0
1329,1358,0.1855635001702413,1.2275906582770806,0.0
1330,1359,0.1855635001702413,1.2275906582770806,0.0
73,102,0.18692543411644458,0.8986467383202595,0.0
1162,1191,0.18726591760299577,1.06160866227317,0.0
1161,1190,0.18726591760299577,1.06160866227317,0.0
1160,1189,0.18726591760299577,1.06160866227317,0.0
310,339,0.18726591760299582,1.6062579622677384,0.0
309,338,0.18726591760299582,1.6062579622677384,0.0
308,337,0.18726591760299582,1.6062579622677384,0.0
670,699,0.1874361593462711,1.1364293117950015,0.0
102,131,0.18743615934627117,1.2324358645423568,0.0
101,130,0.18743615934627117,1.2324358645423568,0.0
571,600,0.18743615934627134,0.9727967434645336,0.0
103,132,0.18777664283282208,1.2343437765625964,0.0
669,698,0.18845760980592377,1.1427508090459613,0.0
668,697,0.18845760980592377,1.1427508090459613,0.0
1313,1342,0.1884576098059239,1.0359442336589848,0.0
1314,1343,0.1884576098059239,1.0359442336589848,0.0
569,598,0.18845760980592402,0.9791182407154936,0.0
570,599,0.18845760980592402,0.9791182407154936,0.0
551,580,0.188798093292475,0.9367605345877233,0.0
553,582,0.1891385767790259,0.9391375689392358,0.0
552,581,0.1891385767790259,0.9391375689392358,0.0
827,856,0.1893088185223013,1.2592193492744577,0.0
828,857,0.1893088185223013,1.2592193492744577,0.0
1315,1344,0.18947906026557662,1.0427347277608408,0.0
550,579,0.18981954375212767,0.9430820318386832,0.0
548,577,0.18981954375212767,0.9430820318386832,0.0
549,578,0.18981954375212767,0.9430820318386832,0.0
72,101,0.18998978549540266,0.9150970725012482,0.0
829,858,0.1899897854954031,1.2655408465254177,0.0
1301,1330,0.19101123595505584,1.2684788627609358,0.0
663,692,0.191181477698331,1.1653371943442372,0.0
664,693,0.191181477698331,1.1653371943442372,0.0
665,694,0.191181477698331,1.165337194344237,0.0
88,117,0.19118147769833108,1.0379524316310154,0.0
99,128,0.19186244467143287,1.2537323585098938,0.0
98,127,0.19220292815798376,1.2557688675551857,0.0
97,126,0.19254341164453465,1.2575311812501413,0.0
835,864,0.19339462036091207,1.2751418892345916,0.0
834,863,0.19373510384746298,1.2775189235861044,0.0
830,859,0.19441607082056478,1.2828230246710894,0.0
832,861,0.19441607082056478,1.2828230246710894,0.0
831,860,0.19441607082056478,1.2828230246710894,0.0
833,862,0.19509703779366658,1.2856648760994431,0.0
1622,1651,0.19577800476676846,1.317500738222302,0.0
96,125,0.19628872999659455,1.2790594012913212,0.0
836,865,0.1991828396322774,1.299990192892027,0.0
86,115,0.20071501532175626,1.089393392165306,0.0
87,116,0.20105549880830717,1.0907488087357462,0.0
76,105,0.20139598229485797,0.9517083548731932,0.0
985,1014,0.2039496084439899,1.3895851188924788,0.0
984,1013,0.2039496084439899,1.3895851188924788,0.0
983,1012,0.20429009193054082,1.3919621532439912,0.0
838,867,0.2042900919305409,1.3267993150594906,0.0
85,114,0.20514130064691796,1.115413633422375,0.0
1529,1558,0.20531154239019359,0.9978503038471177,0.0
1291,1320,0.2053115423901937,1.3336441605718765,0.0
1286,1315,0.20599250936329538,1.3469506889042089,0.0
1287,1316,0.20599250936329538,1.3469506889042089,0.0
1530,1559,0.20599250936329538,1.0022638472439223,0.0
1288,1317,0.20599250936329538,1.3469506889042089,0.0
837,866,0.20599250936329538,1.3367076231159565,0.0
1620,1649,0.2066734763363973,1.375252248450874,0.0
1619,1648,0.2066734763363973,1.375252248450874,0.0
1621,1650,0.2066734763363973,1.375252248450874,0.0
142,171,0.2068437180796726,1.1724770380275633,0.0
141,170,0.2068437180796726,1.1724770380275633,0.0
988,1017,0.20701395982294798,1.4055890156745148,0.0
987,1016,0.20701395982294798,1.4055890156745148,0.0
1290,1319,0.2073544433094991,1.3459292938102638,0.0
140,169,0.2078651685393253,1.178798535278523,0.0
986,1015,0.20905686074225338,1.4172101832115247,0.0
1337,1366,0.20922710248552903,1.52412978987184,0.0
1339,1368,0.20922710248552903,1.52412978987184,0.0
1338,1367,0.20922710248552903,1.52412978987184,0.0
981,1010,0.2093973442288043,1.4433973868230274,0.0
1292,1321,0.2093973442288045,1.354528715783036,0.0
980,1009,0.20973782771535518,1.4457744211745402,0.0
982,1011,0.2097378277153552,1.44577442117454,0.0
840,869,0.2100783112019062,1.352394929588726,0.0
839,868,0.2100783112019062,1.352394929588726,0.0
841,870,0.21041879468845712,1.3547719639402387,0.0
1526,1555,0.21144024514810977,1.0197628645740093,0.0
93,122,0.2116104868913852,1.3359942858634624,0.0
1334,1363,0.2116104868913853,1.5348048976919475,0.0
1335,1364,0.2116104868913853,1.5348048976919475,0.0
1336,1365,0.2116104868913853,1.5348048976919475,0.0
75,104,0.21195097037793587,0.9997098454678677,0.0
92,121,0.212291453864487,1.3395810966689683,0.0
395,424,0.21246169560776273,1.3569641534379728,0.0
74,103,0.21263193735103766,1.0004812258566183,0.0
94,123,0.2126319373510379,1.340460225403728,0.0
722,751,0.21314266258086437,1.3472602922472363,0.0
79,108,0.2133129043241395,1.1495595833280186,0.0
1527,1556,0.21348314606741517,1.0313840321110193,0.0
78,107,0.2139938712972413,1.153146394133525,0.0
80,109,0.21399387129724132,1.1577030230229193,0.0
1342,1371,0.21416411304051713,1.5474969452177836,0.0
1341,1370,0.21450459652706805,1.5498739795692962,0.0
1340,1369,0.21450459652706805,1.5498739795692962,0.0
1294,1323,0.2148450800136189,1.384968963130128,0.0
1528,1557,0.2151855635001697,1.0410126590068474,0.0
1293,1322,0.2151855635001698,1.3873459974816404,0.0
1289,1318,0.2151855635001698,1.384077175611731,0.0
81,110,0.21535580524344491,1.1652342967278728,0.0
82,111,0.21535580524344494,1.165234296727873,0.0
1618,1647,0.21586653047327162,1.416840146871638,0.0
1010,1039,0.21603677221654713,1.2675798214542753,0.0
1298,1327,0.21620701395982264,1.3702140308762052,0.0
1299,1328,0.21620701395982264,1.3702140308762052,0.0
1300,1329,0.21620701395982264,1.3702140308762052,0.0
396,425,0.21620701395982264,1.3766308936823792,0.0
723,752,0.21654749744637336,1.3653734447229988,0.0
397,426,0.21688798093292444,1.3829523909333392,0.0
83,112,0.21705822267619942,1.1763217107771722,0.0
84,113,0.21705822267619945,1.1758527139262762,0.0
1012,1041,0.21705822267619984,1.2733487396161018,0.0
95,124,0.21739870616275048,1.3688685829859115,0.0
1011,1040,0.21739870616275073,1.2757257739676142,0.0
724,753,0.21824991487912787,1.3834865971987613,0.0
1016,1045,0.21859039836567892,1.2971090164922203,0.0
842,871,0.2192713653387806,1.3948985091723936,0.0
1017,1046,0.21927136533878072,1.301522559889025,0.0
1018,1047,0.21927136533878072,1.301522559889025,0.0
844,873,0.2199523323118824,1.3984853199778995,0.0
1616,1645,0.22029281579843335,1.4390039202139955,0.0
1617,1646,0.22063329928498424,1.4410404292592873,0.0
656,685,0.2208035410282596,1.3726137354692558,0.0
843,872,0.22097378277153512,1.4048068172288595,0.0
1295,1324,0.22097378277153523,1.4016302083621819,0.0
1296,1325,0.22097378277153523,1.4016302083621819,0.0
1297,1326,0.22097378277153523,1.4016302083621819,0.0
1615,1644,0.22131426625808603,1.4447652126484167,0.0
1014,1043,0.22131426625808612,1.3121818135390344,0.0
1015,1044,0.22131426625808612,1.3121818135390344,0.0
1013,1042,0.22131426625808612,1.3121818135390344,0.0
657,686,0.2218249914879123,1.3787230116158828,0.0
65,94,0.22199523323118756,1.206819630557801,0.0
658,687,0.2221654749744632,1.3811000459673954,0.0
134,163,0.22284644194756498,1.2471039172834186,0.0
398,427,0.22301668369084063,1.4152266609528954,0.0
399,428,0.22301668369084063,1.4152266609528954,0.0
135,164,0.2238678924072177,1.2534254145343786,0.0
136,165,0.2238678924072177,1.2534254145343786,0.0
659,688,0.2248893428668704,1.3975561365174278,0.0
660,689,0.2248893428668704,1.3975561365174278,0.0
661,690,0.2248893428668704,1.3975561365174278,0.0
1614,1643,0.22574055158324774,1.4710226431395619,0.0
402,431,0.22676200204290053,1.432335967045002,0.0
401,430,0.22676200204290053,1.432335967045002,0.0
403,432,0.22744296901600233,1.4367495104418067,0.0
400,429,0.22880490296220593,1.4428517252719417,0.0
572,601,0.23033707865168498,1.271406732544098,0.0
68,97,0.2335716717739182,1.2506121299141033,0.0
69,98,0.23425263874702,1.255025673310908,0.0
238,267,0.23561457269322392,1.1919474811766855,0.0
237,266,0.23561457269322392,1.1919474811766855,0.0
236,265,0.23561457269322392,1.1919474811766855,0.0
893,922,0.2362955396663257,1.0086927238604186,0.0
895,924,0.2369765066394275,1.0131062672572233,0.0
894,923,0.2369765066394275,1.0131062672572233,0.0
71,100,0.23765747361252898,1.2679674469906228,0.0
70,99,0.2379979570990799,1.26972980253375,0.0
66,95,0.23833844058563083,1.2704315205462808,0.0
375,404,0.24038134150493662,1.2182605913787916,0.0
67,96,0.24072182499148712,1.2838137880741218,0.0
376,405,0.24140279196458933,1.2245820886297516,0.0
1613,1642,0.24174327545114016,1.5545469905925686,0.0
139,168,0.2500851208716372,1.3296933756078775,0.0
990,1019,0.25042560435818806,1.687742548313029,0.0
991,1020,0.2504256043581881,1.687742548313029,0.0
138,167,0.2504256043581881,1.3320704099593903,0.0
1677,1706,0.2521280217909428,1.0697319036838913,18.692543411644536
137,166,0.2531494722505953,1.3489140991380943,0.0
712,741,0.25587334014300267,1.7570363919108916,0.0
711,740,0.25587334014300267,1.7570363919108916,0.0
710,739,0.25587334014300267,1.7570363919108916,0.0
847,876,0.256043581886278,1.363478884246848,0.0
727,756,0.2570650323459307,1.6732977178262676,0.0
725,754,0.2570650323459307,1.6732977178262676,0.0
726,755,0.2570650323459307,1.6732977178262676,0.0
989,1018,0.2596186584950624,1.7337439901305978,0.0
730,759,0.2604698672114397,1.687007492888733,0.0
728,757,0.2608103506979906,1.6914210362855377,0.0
1531,1560,0.2608103506979906,1.3729687419907197,0.0
729,758,0.2608103506979906,1.6914210362855377,0.0
733,762,0.2614913176710924,1.6932756163219138,0.0
732,761,0.2614913176710924,1.6932756163219138,0.0
731,760,0.26183180115764326,1.6956526506734264,0.0
845,874,0.2618318011576433,1.3948950617328246,0.0
846,875,0.2618318011576433,1.3948950617328246,0.0
1534,1563,0.2625127681307451,1.3828770500471856,0.0
1533,1562,0.2625127681307451,1.3828770500471856,0.0
1532,1561,0.2625127681307451,1.3828770500471856,0.0
1009,1038,0.2643854273067752,1.895157898668117,0.0
1008,1037,0.2643854273067752,1.895157898668117,0.0
1007,1036,0.2643854273067752,1.895157898668117,0.0
716,745,0.26506639427987716,1.7948506221994427,0.0
713,742,0.2677902621722843,1.805697058562654,0.0
714,743,0.2677902621722843,1.805697058562654,0.0
715,744,0.2677902621722843,1.805697058562654,0.0
1004,1033,0.2679605039155597,1.916216451844941,0.0
1005,1034,0.2693224378617633,1.9243624043582799,0.0
1006,1035,0.2693224378617633,1.9243624043582799,0.0
393,422,0.2693224378617635,1.5649572164797085,0.0
706,735,0.2696629213483143,1.7361113221853277,0.0
705,734,0.2696629213483143,1.7361113221853277,0.0
704,733,0.2696629213483143,1.7361113221853277,0.0
392,421,0.2696629213483144,1.5673342508312211,0.0
233,262,0.2701736465781405,1.1820310350870273,0.0
394,423,0.2703438883214162,1.5712787137306685,0.0
234,263,0.27051413006469144,1.1840675441323194,0.0
889,918,0.27340823970037414,1.2808718541410906,0.0
888,917,0.27340823970037414,1.2808718541410906,0.0
887,916,0.27374872318692506,1.283248888492603,0.0
235,264,0.2742594484167513,1.2037342843767258,0.0
242,271,0.27477017364657763,1.686356560022631,0.0
387,416,0.27511065713312866,1.6052857927935293,0.0
386,415,0.27511065713312866,1.6052857927935293,0.0
388,417,0.2751106571331287,1.6052857927935293,0.0
243,272,0.2757916241062303,1.6926780572735909,0.0
244,273,0.27613210759278123,1.6950550916251035,0.0
1555,1584,0.2764725910793321,1.4796954934611655,0.0
390,419,0.2764725910793323,1.6104993005439387,0.0
389,418,0.2764725910793323,1.6104993005439387,0.0
230,259,0.2769833163091585,1.216974220555086,0.0
231,260,0.2773237997957094,1.2193512549065986,0.0
232,261,0.2773237997957094,1.2193512549065986,0.0
1551,1580,0.27851549199863745,1.4663621002350786,0.0
1550,1579,0.27851549199863745,1.4663621002350786,0.0
892,921,0.27953694245829036,1.3043967377940964,0.0
890,919,0.27953694245829036,1.3043967377940964,0.0
891,920,0.27953694245829036,1.3043967377940964,0.0
391,420,0.27987742594484133,1.6286124530197013,0.0
1554,1583,0.2805583929179429,1.5015187414973024,0.0
1553,1582,0.2805583929179429,1.5015187414973024,0.0
1543,1572,0.2812393598910447,1.4760212844070246,0.0
1542,1571,0.2815798433775956,1.478398318758537,0.0
1541,1570,0.2815798433775956,1.478398318758537,0.0
1552,1581,0.2819203268641465,1.5102171476193977,0.0
707,736,0.2819203268641468,1.789551292722917,0.0
245,274,0.2822608103506975,1.7281619811626547,0.0
246,275,0.2822608103506975,1.7281619811626547,0.0
1544,1573,0.283622744296901,1.485142271169067,0.0
247,276,0.283963227783452,1.7380702892191207,0.0
717,746,0.28481443649982946,1.8748074378777564,0.0
1549,1578,0.2849846782431046,1.492352930009527,0.0
1002,1031,0.2860061287027574,1.996589111233966,0.0
1003,1032,0.2863466121893083,1.9989661455854786,0.0
1001,1030,0.2863466121893083,1.9989661455854784,0.0
1546,1575,0.28736806264896086,1.5039631641810938,0.0
1545,1574,0.2877085461355118,1.5063401985326061,0.0
248,277,0.2890704800817155,1.7666446152767434,0.0
1548,1577,0.2907728975144699,1.519977994328573,0.0
718,747,0.29162410623084745,1.907624719576361,0.0
1381,1410,0.2917943479741228,1.4248725992512807,0.0
708,737,0.2917943479741229,1.8443866082274356,0.0
1547,1576,0.2921348314606735,1.5281239468419119,0.0
719,748,0.29264555669050013,1.9139360588154113,0.0
709,738,0.2941777323799792,1.8583845590910635,0.0
997,1026,0.2965611167858354,1.9928167422451983,0.0
996,1025,0.2975825672454881,1.9996072363470543,0.0
995,1024,0.297923050732039,2.0019842706985664,0.0
993,1022,0.30132788559754803,2.026764259019264,0.0
994,1023,0.30132788559754803,2.026764259019264,0.0
1535,1564,0.3026898195437515,1.5667193079761188,0.0
1536,1565,0.3026898195437515,1.5667193079761188,0.0
992,1021,0.3026898195437516,2.0354626651413597,0.0
998,1027,0.304732720463057,2.090554564585357,0.0
999,1028,0.3054136874361588,2.0949681079821616,0.0
1000,1029,0.3054136874361588,2.0949681079821616,0.0
1540,1569,0.3064351378958114,1.5845709600478244,0.0
1538,1567,0.3067756213823623,1.5889845034446288,0.0
1539,1568,0.3067756213823623,1.5889845034446288,0.0
379,408,0.30677562138236264,1.6865593744161054,0.0
378,407,0.30677562138236264,1.6865593744161054,0.0
1537,1566,0.307797071842015,1.593721942065291,0.0
884,913,0.3091590057882188,1.4137865208380047,0.0
886,915,0.3091590057882188,1.4137865208380047,0.0
885,914,0.3091590057882188,1.4137865208380047,0.0
1387,1416,0.31035069799114706,1.651367646535634,0.0
1386,1415,0.31035069799114706,1.651367646535634,0.0
1385,1414,0.31137214845079975,1.6576891437865942,0.0
878,907,0.31154239019407504,1.4203517884369905,0.0
881,910,0.3125638406537278,1.4302484375718116,0.0
880,909,0.3129043241402787,1.4284974062789881,0.0
882,911,0.3132448076268296,1.4346619809686163,0.0
883,912,0.3132448076268296,1.4346619809686163,0.0
879,908,0.31358529111338046,1.4329109496757928,0.0
382,411,0.3152877085461352,1.755208161110691,0.0
381,410,0.3152877085461352,1.755208161110691,0.0
380,409,0.3163091590057879,1.7615296583616509,0.0
479,508,0.3186925434116441,1.2468123511707279,0.0
480,509,0.31937351038474593,1.2512258945675325,0.0
481,510,0.3200544773578477,1.2556393543178757,0.0
1383,1412,0.32022471910112316,1.7031185808681857,0.0
1384,1413,0.32022471910112316,1.7031185808681857,0.0
944,973,0.3215866530473268,1.2458583023490248,0.0
946,975,0.3215866530473268,1.2458583023490248,0.0
945,974,0.3215866530473268,1.2458583023490248,0.0
949,978,0.32226762002042864,1.243564961752361,0.0
956,985,0.3226081035069796,1.277038890668958,0.0
948,977,0.3229485869935304,1.2483189886357164,0.0
947,976,0.3232890704800813,1.250696022987229,0.0
957,986,0.32465100442628503,1.288660058205968,0.0
958,987,0.32465100442628503,1.288660058205968,0.0
950,979,0.32567245488593766,1.2709601588300337,0.0
383,412,0.32584269662921306,1.8082616970146819,0.0
384,413,0.32584269662921306,1.8082616970146819,0.0
952,981,0.32601293837248857,1.2733371931815463,0.0
951,980,0.32601293837248857,1.2733371931815463,0.0
953,982,0.3263534218590395,1.3042788177406233,0.0
483,512,0.3265236636023149,1.2824250611088686,0.0
385,414,0.3265236636023149,1.8126752404114865,0.0
482,511,0.3265236636023149,1.2824250611088686,0.0
484,513,0.3265236636023149,1.2824250611088686,0.0
1382,1411,0.3266939053455903,1.7359358625667902,0.0
955,984,0.3266939053455904,1.3066558520921359,0.0
954,983,0.3266939053455904,1.3066558520921359,0.0
485,514,0.32958801498127305,1.2996615042232968,0.0
486,515,0.32958801498127305,1.2996615042232968,0.0
487,516,0.32958801498127305,1.2996615042232968,0.0
377,406,0.3299284984678239,1.7798082046201646,0.0
543,572,0.32992849846782407,1.509965496596372,0.0
544,573,0.32992849846782407,1.509965496596372,0.0
176,205,0.33656792645556594,2.0796752465673105,0.0
542,571,0.3374191351719439,1.5458924817964108,0.0
1343,1372,0.34048348655090194,1.9489863896899366,0.0
1344,1373,0.34048348655090194,1.9489863896899366,0.0
540,569,0.340483486550902,1.5558533452117753,0.0
539,568,0.3411644535240038,1.5602668886085798,0.0
541,570,0.3415049370105547,1.5621748424627353,0.0
943,972,0.34167517875382997,1.323084704629614,0.0
942,971,0.34167517875382997,1.323084704629614,0.0
941,970,0.34167517875382997,1.323084704629614,0.0
807,836,0.34218590398365645,1.3023641946588045,0.0
806,835,0.34218590398365645,1.3023641946588045,0.0
959,988,0.3423561457269319,1.3658831822893618,0.0
810,839,0.3428668709567583,1.3082902255888407,0.0
811,840,0.3428668709567583,1.3082902255888407,0.0
808,837,0.34388832141641096,1.3122725027152704,0.0
803,832,0.34490977187606364,1.3134855511503867,0.0
804,833,0.3459312223357163,1.3192544693122132,0.0
809,838,0.34627170582226724,1.3272018043390148,0.0
805,834,0.34627170582226724,1.3216315036637258,0.0
538,567,0.3462717058222673,1.580925435956009,0.0
791,820,0.3466121893088182,1.295629652007665,0.0
1345,1374,0.34695267279536907,1.980499915139632,0.0
537,566,0.34729315628192,1.587246933206969,0.0
812,841,0.34933605720122535,1.3444960810625457,0.0
813,842,0.34933605720122535,1.3444960810625457,0.0
536,565,0.34967654068777626,1.6005397922336753,0.0
177,206,0.3501872659176019,2.1429516883648025,0.0
814,843,0.35035750766087803,1.3508175783135057,0.0
960,989,0.3515491998638062,1.4118846241069305,0.0
961,990,0.35188968335035714,1.414261658458443,0.0
793,822,0.3520599250936326,1.3242039780652877,0.0
792,821,0.3520599250936326,1.3242039780652877,0.0
1488,1517,0.3556350017024169,1.3843560659864214,0.0
794,823,0.35580524344569253,1.3465663721001597,0.0
430,459,0.3571671773918962,1.2811829232734304,0.0
523,552,0.3575076608784467,1.8943286389604193,0.0
602,631,0.35767790262172255,1.364984883220083,0.0
522,551,0.3581886278515485,1.8987421823572237,0.0
521,550,0.35852911133809934,1.9011192167087365,0.0
1489,1518,0.35903983656792593,1.4024692184621839,0.0
1477,1506,0.35955056179775235,1.3997263190212963,0.0
1476,1505,0.35955056179775235,1.3997263190212963,0.0
802,831,0.3598910452843033,1.3726893646077953,0.0
801,830,0.3598910452843033,1.3726893646077953,0.0
1478,1507,0.36006128702757867,1.4070205527421173,0.0
800,829,0.360912495743956,1.3790108618587553,0.0
1474,1503,0.3612529792305069,1.4082641046035917,0.0
1472,1501,0.3612529792305069,1.4082641046035917,0.0
1473,1502,0.3612529792305069,1.4082641046035917,0.0
796,825,0.36295539666326143,1.3818016708474994,0.0
795,824,0.36295539666326143,1.3818016708474994,0.0
429,458,0.36295539666326143,1.3088079875924765,0.0
428,457,0.36295539666326143,1.3088079875924765,0.0
1480,1509,0.3631256384065368,1.41881220796692,0.0
1479,1508,0.3631256384065368,1.41881220796692,0.0
1093,1122,0.3632958801498126,1.299006704405252,0.0
1092,1121,0.3632958801498126,1.299006704405252,0.0
1475,1504,0.3636363636363632,1.4229260211685968,0.0
1091,1120,0.36363636363636354,1.3013837387567644,0.0
789,818,0.364657814096016,1.3808923057286953,0.0
790,819,0.364657814096016,1.3808923057286953,0.0
438,467,0.3655090228123932,1.319968049299771,0.0
437,466,0.3655090228123932,1.319968049299771,0.0
293,322,0.3655090228123933,2.0648954543758604,0.0
785,814,0.3656792645556687,1.387384656288659,0.0
439,468,0.36584950629894414,1.3223450836512836,0.0
786,815,0.3660197480422196,1.3897616906401715,0.0
787,816,0.3660197480422196,1.3897616906401715,0.0
1490,1519,0.3672114402451475,1.4325430638808925,0.0
1471,1500,0.367722165474974,1.437280504378431,0.0
445,474,0.3678924072182496,1.3312230047300244,0.0
294,323,0.3682328907048005,2.0798247559996046,0.0
295,324,0.3682328907048005,2.0798247559996046,0.0
444,473,0.36823289070480053,1.333600039081537,0.0
443,472,0.3685733741913514,1.3359770734330494,0.0
1486,1515,0.3689138576779021,1.4408275959781516,0.0
788,817,0.3690840994211777,1.4036008873150048,0.0
1484,1513,0.36959482465100385,1.4452411393749562,0.0
1485,1514,0.36959482465100385,1.4452411393749562,0.0
433,462,0.3695948246510041,1.3477506777329176,0.0
304,333,0.36959482465100413,2.0821587470525893,0.0
303,332,0.36959482465100413,2.0821587470525893,0.0
301,330,0.369935308137555,2.084535781404102,0.0
441,470,0.369935308137555,1.3426766308860807,0.0
442,471,0.369935308137555,1.3426766308860807,0.0
300,329,0.369935308137555,2.084535781404102,0.0
302,331,0.369935308137555,2.084535781404102,0.0
426,455,0.37010554988083033,1.3487591296280141,0.0
421,450,0.37010554988083033,1.3471342794080803,0.0
427,456,0.37010554988083033,1.346851175773859,0.0
440,469,0.37027579162410584,1.345053665237593,0.0
431,460,0.37027579162410584,1.3521642211297222,0.0
432,461,0.37027579162410584,1.3521642211297222,0.0
798,827,0.3704460333673812,1.415692147002246,0.0
799,828,0.3704460333673812,1.415692147002246,0.0
797,826,0.3704460333673812,1.415692147002246,0.0
299,328,0.3706162751106568,2.0889493248009066,0.0
436,465,0.37095675859720767,1.3497911813199224,0.0
425,454,0.371127000340483,1.3534965682486764,0.0
1487,1516,0.37129724208375836,1.4527383841378425,0.0
296,325,0.3716377255703095,2.0945303194534213,0.0
297,326,0.3716377255703095,2.0945303194534213,0.0
298,327,0.3716377255703095,2.0945303194534213,0.0
1470,1499,0.3718079673135848,1.4614807867660806,0.0
424,453,0.37180796731358484,1.354970668837888,0.0
448,477,0.371807967313585,1.4865193231459897,0.0
1469,1498,0.3721484508001357,1.463857821117593,0.0
419,448,0.37248893428668656,1.3584568541355255,0.0
420,449,0.37282941777323747,1.3608338884870381,0.0
422,451,0.3728294177732375,1.361292166088848,0.0
423,452,0.3728294177732375,1.361292166088848,0.0
144,173,0.3731699012597884,2.016645800674341,0.0
143,172,0.37351038474633935,2.0184702559367205,0.0
1483,1512,0.37368062648961464,1.4638647259995283,0.0
1482,1511,0.37368062648961464,1.4638647259995283,0.0
1481,1510,0.37368062648961464,1.4638647259995283,0.0
435,464,0.37436159346271664,1.3670149289649962,0.0
434,463,0.37504256043581846,1.3714284723618007,0.0
1083,1112,0.3755532856656451,1.3533591041760589,0.0
1084,1113,0.3755532856656451,1.3533591041760589,0.0
1082,1111,0.3755532856656451,1.3533591041760589,0.0
1468,1497,0.37623425263874644,1.479859028410008,0.0
1467,1496,0.37623425263874644,1.479859028410008,0.0
1466,1495,0.37623425263874644,1.479859028410008,0.0
145,174,0.3762342526387465,2.032381918798591,0.0
1106,1135,0.3774259448416749,1.3163063272883375,0.0
930,959,0.37912836227442936,1.7816089357627598,0.0
931,960,0.37912836227442936,1.7816089357627598,0.0
929,958,0.37912836227442936,1.7816089357627598,0.0
520,549,0.37929860401770443,2.01113532595533,0.0
446,475,0.3796390875042557,1.5211271522313936,0.0
1088,1117,0.3813415049370104,1.38179624450219,0.0
1089,1118,0.3816819884235613,1.3841732788537027,0.0
1090,1119,0.3816819884235613,1.3841732788537027,0.0
1493,1522,0.3818522301668363,1.6149608752919646,0.0
1495,1524,0.3818522301668363,1.6149608752919646,0.0
1494,1523,0.3818522301668363,1.6149608752919646,0.0
1086,1115,0.3823629553966631,1.3875651626640164,0.0
1085,1114,0.3823629553966631,1.3875651626640164,0.0
1087,1116,0.382703438883214,1.389942197015529,0.0
600,629,0.38321416411304027,1.5912500976473516,0.0
599,628,0.38321416411304027,1.5912500976473516,0.0
601,630,0.38321416411304027,1.5912500976473516,0.0
1346,1375,0.38338440585631556,2.165505475097215,0.0
447,476,0.3844058563159683,1.545327434619043,0.0
1101,1130,0.3862785154919983,1.3573258843173233,0.0
1102,1131,0.3862785154919983,1.3573258843173233,0.0
1100,1129,0.3869594824651001,1.3636473815682832,0.0
928,957,0.38729996595165095,1.8186040892635509,0.0
927,956,0.38729996595165095,1.8186040892635509,0.0
926,955,0.38729996595165095,1.8186040892635509,0.0
1347,1376,0.38781069118147726,2.1897057574848646,0.0
1105,1134,0.3879809329247528,1.3662049070598934,0.0
1103,1132,0.3886618998978546,1.3706184504566978,0.0
1104,1133,0.3886618998978546,1.370618450456698,0.0
535,564,0.39087504256043537,1.9225773531624017,0.0
534,563,0.39087504256043537,1.9225773531624017,0.0
524,553,0.39223697650663875,2.000079055993667,0.0
526,555,0.39257745999318966,2.0024560903451794,0.0
525,554,0.39257745999318966,2.0024560903451794,0.0
1348,1377,0.39291794347974074,2.2168378131864044,0.0
1349,1378,0.3939393939393934,2.223159310437364,0.0
1079,1108,0.39700374531835186,1.5612473446648436,0.0
1080,1109,0.39700374531835186,1.5612473446648436,0.0
1081,1110,0.39700374531835186,1.5612473446648436,0.0
1076,1105,0.3988764044943819,1.5664319593319018,0.0
1077,1106,0.3988764044943819,1.5664319593319018,0.0
1078,1107,0.3988764044943819,1.5664319593319018,0.0
307,336,0.4016002723867889,2.2003131007655456,0.0
306,335,0.4016002723867889,2.2003131007655456,0.0
1433,1462,0.40568607422539954,1.5522752231179264,0.0
1434,1463,0.4067075246850522,1.5585967203688864,0.0
1435,1464,0.40704800817160314,1.560973754720399,0.0
173,202,0.4078992168879799,2.5695863963652665,0.0
1350,1379,0.4082397003745312,2.289189734493806,0.0
519,548,0.40858018386108186,2.13352705741338,0.0
518,547,0.40858018386108186,2.13352705741338,0.0
250,279,0.4089206673476331,2.1524661007384336,0.0
249,278,0.4089206673476331,2.1524661007384336,0.0
305,334,0.40943139257745964,2.2372620191556236,0.0
1073,1102,0.410623084780388,1.6199285788461064,0.0
175,204,0.41096356826693803,2.5851661199882034,0.0
1074,1103,0.4109635682669389,1.622305613197619,0.0
174,203,0.4116445352400398,2.588349970840222,0.0
1075,1104,0.41164453524004074,1.6267191565944237,0.0
1491,1520,0.4121552604698666,1.7446326298152377,0.0
1492,1521,0.4121552604698666,1.7446326298152377,0.0
253,282,0.4133469526727949,2.1769792463514848,0.0
912,941,0.4162410623084776,1.942426888791477,0.0
913,942,0.4162410623084776,1.942426888791477,0.0
925,954,0.41658154579502854,1.9279784256465098,0.0
924,953,0.41658154579502854,1.9279784256465098,0.0
252,281,0.41675178753830394,2.1950923988272475,0.0
251,280,0.41675178753830394,2.1950923988272475,0.0
911,940,0.4169220292815794,1.946840432188282,0.0
923,952,0.4172625127681303,1.9323919690433145,0.0
532,561,0.4187946884576093,2.1712109833609756,0.0
531,560,0.41947565543071114,2.17562452675778,0.0
1070,1099,0.41947565543071136,1.6609172038246487,0.0
1072,1101,0.4194756554307114,1.6624846323725835,0.0
530,559,0.419816138917262,2.178001561109293,0.0
1071,1100,0.4198161389172623,1.664861666724096,0.0
1069,1098,0.42015662240381313,1.6665375894237526,0.0
1068,1097,0.4215185563500167,1.673404730077407,0.0
529,558,0.4225400068096692,2.190580675959932,0.0
1424,1453,0.4239019407558727,1.9318209789634408,0.0
1425,1454,0.4239019407558727,1.9318209789634408,0.0
528,557,0.4239019407558728,2.1987266284732714,0.0
1426,1455,0.4242424242424236,1.9341980133149534,0.0
921,950,0.4257745999319029,1.978485569135693,0.0
922,951,0.4257745999319029,1.978485569135693,0.0
920,949,0.4257745999319029,1.978485569135693,0.0
598,627,0.42577459993190303,1.8922567492444171,0.0
595,624,0.42577459993190303,1.8976886016875611,0.0
594,623,0.42611508341845394,1.9000656360390735,0.0
593,622,0.42611508341845394,1.9000656360390735,0.0
533,562,0.42628532516172907,2.2099696927105077,0.0
1067,1096,0.4262853251617293,1.6957827588955914,0.0
149,178,0.42781750085120823,2.386721009925141,0.0
150,179,0.42917943479741183,2.395419416047236,0.0
596,625,0.429179434797412,1.9134546766079563,0.0
597,626,0.429179434797412,1.9134546766079563,0.0
1418,1447,0.43037112700033986,1.950821468474656,0.0
256,285,0.4329247531494719,2.3438121743311147,0.0
914,943,0.4336057201225736,2.007096926943749,0.0
915,944,0.4336057201225736,2.007096926943749,0.0
916,945,0.4336057201225736,2.007096926943749,0.0
373,402,0.4336057201225737,1.6331306049923218,0.0
370,399,0.4336057201225737,1.6347362244008576,0.0
372,401,0.4336057201225737,1.6331306049923218,0.0
369,398,0.4336057201225737,1.6347362244008574,0.0
368,397,0.4336057201225737,1.6347362244008574,0.0
371,400,0.4336057201225737,1.6331306049923218,0.0
1423,1452,0.4351378958120525,1.9745595901812276,0.0
917,946,0.4353081375553281,2.018875613802281,0.0
1422,1451,0.43547837929860334,1.97693662453274,0.0
1421,1450,0.43547837929860334,1.97693662453274,0.0
918,947,0.435648621041879,2.0212526481537934,0.0
1400,1429,0.43564862104187907,1.9440475551610785,0.0
1402,1431,0.4359891045284299,1.9457434552180695,0.0
1401,1430,0.4359891045284299,1.9457434552180695,0.0
254,283,0.43598910452843,2.3603470953633945,0.0
255,284,0.43598910452843,2.3603470953633945,0.0
919,948,0.43632958801498084,2.026006675037149,0.0
1399,1428,0.43667007150153175,1.9427012061682758,0.0
257,286,0.4380320054477354,2.3662870756692316,0.0
259,288,0.4380320054477354,2.3662870756692316,0.0
258,287,0.4380320054477354,2.3662870756692316,0.0
1420,1449,0.43854273067756144,1.9921419736897148,0.0
1419,1448,0.43854273067756144,1.9921419736897148,0.0
1398,1427,0.4387129724208371,1.954986339406663,0.0
1397,1426,0.4387129724208371,1.954986339406663,0.0
587,616,0.4387129724208373,1.9392471097935189,0.0
151,180,0.4393939393939388,2.4422576699133427,0.0
588,617,0.4407558733401427,1.9508682773305288,0.0
589,618,0.4407558733401427,1.9508682773305288,0.0
152,181,0.4414368403132442,2.4591979304711775,0.0
364,393,0.4429690160027234,1.9316140330245912,0.0
363,392,0.44330949948927434,1.9339910673761038,0.0
362,391,0.44364998297582525,1.936027576421396,0.0
262,291,0.44382022471910076,2.3876734572742198,0.0
261,290,0.44382022471910076,2.3876734572742198,0.0
590,619,0.4438202247191008,1.9792766349127124,0.0
591,620,0.4438202247191008,1.9792766349127124,0.0
592,621,0.4438202247191008,1.9792766349127124,0.0
260,289,0.4441607082056517,2.3900504916257326,0.0
148,177,0.44620360912495693,2.519138498996559,0.0
1431,1460,0.4467143343547832,1.8465518887307166,0.0
586,615,0.44688457609805887,1.9802309056407532,0.0
703,732,0.44722505958460984,2.4998920061620233,0.0
1432,1461,0.447395301327885,1.8509654321275213,0.0
585,614,0.44756554307116064,1.9846444490375577,0.0
701,730,0.4475655430711607,2.5019285152073154,0.0
527,556,0.4477357848144359,2.3338294233939934,0.0
154,183,0.4479060265577113,2.4945561830675977,0.0
584,613,0.44790602655771156,1.98702148338907,0.0
702,731,0.4479060265577116,2.504305549558828,0.0
153,182,0.4482465100442622,2.4969332174191106,0.0
1430,1459,0.4484167517875377,1.8570747082741486,0.0
767,796,0.4511406196799452,1.7619344225107947,0.0
768,797,0.4511406196799452,1.7619344225107947,0.0
769,798,0.4511406196799452,1.7619344225107947,0.0
155,184,0.45165134490977116,2.515519113913456,0.0
1427,1456,0.45182158665304667,1.877468307876112,0.0
575,604,0.45199182839632235,2.001326912274652,0.0
576,605,0.45199182839632235,2.001326912274652,0.0
577,606,0.45199182839632235,2.001326912274652,0.0
1428,1457,0.4521620701395976,1.8798453422276247,0.0
1429,1458,0.4521620701395976,1.8798453422276247,0.0
156,185,0.45301327885597475,2.521787739653251,0.0
157,186,0.4550561797752802,2.533408907190261,0.0
764,793,0.4552264215185559,1.781681661774808,0.0
146,175,0.45539666326183126,2.5653888252041126,0.0
147,176,0.45573714674838217,2.567765859555625,0.0
765,794,0.45590738849165774,1.7860952051716126,0.0
766,795,0.45590738849165774,1.7860952051716126,0.0
1396,1425,0.45778004766768776,2.0114749165693246,0.0
1394,1423,0.45778004766768776,2.0114749165693246,0.0
1395,1424,0.45778004766768776,2.0114749165693246,0.0
1066,1095,0.4582907728975141,1.9788118096665577,0.0
1065,1094,0.4610146407899213,1.9937411112903023,0.0
1064,1093,0.4613551242764722,1.9961181456418147,0.0
188,217,0.4615253660197467,2.404282443426284,0.0
1107,1136,0.4615253660197477,1.7703385488995806,0.0
1108,1137,0.4615253660197477,1.7703385488995806,0.0
672,701,0.47412325502213076,2.087117225555672,0.0
54,83,0.47429349676540616,2.072752971294246,0.0
178,207,0.4744637385086812,2.548640897376606,0.0
1404,1433,0.47463398025195735,2.239026755298135,0.0
1405,1434,0.47463398025195735,2.239026755298135,0.0
1403,1432,0.47463398025195735,2.239026755298135,0.0
671,700,0.47480422199523253,2.0918712524390273,0.0
673,702,0.4748042219952326,2.0915307689524765,0.0
578,607,0.4748042219952328,2.069988098260521,0.0
579,608,0.4748042219952328,2.069988098260521,0.0
580,609,0.4748042219952328,2.069988098260521,0.0
1391,1420,0.4761661559414364,2.228020096580397,0.0
1392,1421,0.4761661559414364,2.228020096580397,0.0
1393,1422,0.4765066394279873,2.2303971309319093,0.0
1159,1188,0.47684712291453824,1.9172839219320053,0.0
53,82,0.47803881511746604,2.0924183300777917,0.0
1157,1186,0.4792305073203945,1.9305767809587115,0.0
1156,1185,0.4792305073203945,1.9333474996662763,0.0
1155,1184,0.4792305073203945,1.9333474996662763,0.0
1154,1183,0.4792305073203945,1.9333474996662763,0.0
1158,1187,0.4792305073203945,1.9305767809587115,0.0
581,610,0.4802519577800472,2.098562424318144,0.0
583,612,0.4805924412665981,2.1009394168499873,0.0
582,611,0.4805924412665981,2.1009394168499873,0.0
55,84,0.48110316649642415,2.107085574229211,0.0
367,396,0.48144364998297545,2.062116098597929,0.0
366,395,0.48144364998297545,2.062116098597929,0.0
365,394,0.48144364998297545,2.062116098597929,0.0
1152,1181,0.4822948586993526,1.949882420698556,0.0
1153,1182,0.4822948586993526,1.949882420698556,0.0
1151,1180,0.4826353421859035,1.9522594550500685,0.0
64,93,0.485188968335035,2.1346473973128406,0.0
56,85,0.4862104187946876,2.13504244670393,0.0
57,86,0.4872318692543403,2.1418328153254094,0.0
573,602,0.48791283622744264,2.1656590818571226,0.0
574,603,0.48791283622744264,2.1656590818571226,0.0
63,92,0.4892747701736458,2.154773614748776,0.0
361,390,0.4911474293496761,2.365205804079075,0.0
62,91,0.4913176710929512,2.165813017789973,0.0
360,389,0.491487912836227,2.3675828384305873,0.0
311,340,0.49216887980932883,2.5271667565363023,0.0
1112,1141,0.49233912155260445,2.0070740009693475,0.0
61,90,0.49506298944501104,2.1854923848669134,0.0
58,87,0.49540347293156195,2.184720884373674,0.0
359,388,0.4962546816479397,2.3926679101565025,0.0
164,193,0.49727613210759203,2.751698667601256,0.0
60,89,0.4974463738508673,2.197273279015838,0.0
512,541,0.49795709908069397,2.2137932510821203,0.0
312,341,0.4989785495403468,2.5644385643289342,0.0
1149,1178,0.4989785495403468,2.021807841104867,0.0
1148,1177,0.4989785495403468,2.021807841104867,0.0
1150,1179,0.4989785495403468,2.021807841104867,0.0
313,342,0.4989785495403468,2.5644385643289342,0.0
357,386,0.49931903302689773,2.4122849183101325,0.0
374,403,0.49931903302689784,2.1026618181561645,0.0
358,387,0.49965951651344864,2.414661952661645,0.0
59,88,0.5001702417432745,2.206171114433646,0.0
853,882,0.5027238678924068,1.9642651378305955,0.0
851,880,0.5027238678924068,1.9642651378305955,0.0
852,881,0.5027238678924068,1.9642651378305955,0.0
862,891,0.5040858018386103,1.8430669395046095,0.0
861,890,0.5040858018386103,1.8430669395046095,0.0
860,889,0.5040858018386103,1.8430669395046095,0.0
220,249,0.5052774940415387,1.8406062890241812,0.0
1109,1138,0.5056179775280896,2.0727922822453677,0.0
513,542,0.5057882192713646,2.2520972706336715,0.0
514,543,0.5057882192713646,2.2520972706336715,0.0
179,208,0.5061287027579151,2.688062284446682,0.0
859,888,0.5061287027579158,1.8471927161597963,0.0
1111,1140,0.5062989445011914,2.077205825642172,0.0
1110,1139,0.5062989445011914,2.077205825642172,0.0
857,886,0.5064691862444667,1.851137179059244,0.0
858,887,0.5068096697310176,1.8535142134107565,0.0
219,248,0.5090228123935985,1.8620439287154054,0.0
325,354,0.5091930541368739,2.061302529827094,0.0
324,353,0.5091930541368739,2.061302529827094,0.0
323,352,0.5105549880830775,2.0680858789374996,0.0
856,885,0.5108954715696283,2.006505875947997,0.0
854,883,0.5108954715696283,2.006505875947997,0.0
855,884,0.5108954715696283,2.006505875947997,0.0
222,251,0.511065713312904,1.8592747163777978,0.0
221,250,0.511065713312904,1.8592747163777978,0.0
223,252,0.5114061967994549,1.8568981005437577,0.0
511,540,0.512257405515832,2.2747090249760853,0.0
509,538,0.5132788559754846,2.2814995190779412,0.0
510,539,0.5132788559754847,2.2814995190779412,0.0
181,210,0.5160027238678911,2.736911705817473,0.0
180,209,0.5177051413006456,2.73817198979764,0.0
162,191,0.518386108273748,2.8944481847265355,0.0
183,212,0.5194075587334002,2.7394843924037096,0.0
161,190,0.5204290091930533,2.90419261165696,0.0
165,194,0.5217909431392569,2.9123705315423196,0.0
160,189,0.5234933605720115,2.9192802581750206,0.0
158,187,0.5251957780047659,2.922953570375794,0.0
182,211,0.5262172284644182,2.7772196793516426,0.0
159,188,0.5272386789240713,2.9345747379128038,0.0
322,351,0.530813755532856,2.6422637356756766,0.0
321,350,0.530813755532856,2.6422637356756766,0.0
320,349,0.530813755532856,2.6422637356756766,0.0
167,196,0.532005447735784,2.9636554405449034,0.0
184,213,0.533367381681987,2.807354785680571,0.0
1113,1142,0.5345590738849163,2.3235487035483473,0.0
168,197,0.5347293156281911,2.9785847421686475,0.0
1114,1143,0.53592100783112,2.331694656061686,0.0
170,199,0.5364317330609456,2.9902059097056575,0.0
169,198,0.5367722165474965,2.9902059097056575,0.0
848,877,0.5391556009533534,2.2789899784762166,0.0
849,878,0.5391556009533534,2.2789899784762166,0.0
186,215,0.5394960844399033,2.826009709469231,0.0
850,879,0.5398365679264552,2.283403521873021,0.0
185,214,0.5411985018726578,2.8339147778060636,0.0
739,768,0.5415389853592095,2.5463198599801085,0.0
738,767,0.5439223697650659,2.560317810843736,0.0
1115,1144,0.5456247871978206,2.376890171343004,0.0
1116,1145,0.5456247871978206,2.376890171343004,0.0
1117,1146,0.5459652706843715,2.3789266803882962,0.0
187,216,0.5466462376574722,2.866844913513401,0.0
171,200,0.5480081716036762,3.0415542236321413,0.0
314,343,0.5483486550902277,2.744164677088852,0.0
316,345,0.5493701055498804,2.750486174339812,0.0
315,344,0.5493701055498804,2.750486174339812,0.0
226,255,0.5536261491317668,2.064175473953358,0.0
737,766,0.553796390875042,2.6151531263482544,0.0
225,254,0.5560095335376231,2.075691342205504,0.0
224,253,0.556350017024174,2.0780683765570163,0.0
864,893,0.557882192713653,2.1944321718919233,0.0
865,894,0.557882192713653,2.1944321718919233,0.0
863,892,0.557882192713653,2.1944321718919233,0.0
166,195,0.5582226762002034,3.051004550968484,0.0
163,192,0.5594143684031316,3.1973226262747003,0.0
229,258,0.5631596867551918,2.0962600905053272,0.0
275,304,0.563840653728294,2.0953275021513638,0.0
228,257,0.5641811372148445,2.102581587756287,0.0
227,256,0.5641811372148445,2.102581587756287,0.0
735,764,0.5646918624446708,2.66421905321587,0.0
736,765,0.5646918624446708,2.66421905321587,0.0
734,763,0.5646918624446708,2.66421905321587,0.0
277,306,0.5699693564862102,2.122368112484976,0.0
276,305,0.5716717739189646,2.1322764205414417,0.0
318,347,0.5742254000680962,2.997314603448907,0.0
319,348,0.5742254000680962,2.997314603448907,0.0
317,346,0.5742254000680962,2.997314603448907,0.0
274,303,0.5801838610827373,2.1746664734247467,0.0
1380,1409,0.5803541028260123,2.442738579793796,0.0
273,302,0.5805243445692881,2.177043507776259,0.0
272,301,0.5812053115423899,2.180987970675707,0.0
172,201,0.5830779707184192,3.455997963269491,0.0
875,904,0.5871637725570308,2.306019167346992,0.0
876,905,0.5871637725570308,2.306019167346992,0.0
877,906,0.5871637725570308,2.306019167346992,0.0
1390,1419,0.5922710248552941,2.591093884358966,0.0
1389,1418,0.5926115083418451,2.5934709187104783,0.0
1388,1417,0.592951991828396,2.595847953061991,0.0
1379,1408,0.5936329588014974,2.5024475065992786,0.0
344,373,0.5939734422880486,2.856222439691351,0.0
1378,1407,0.5943139257745991,2.506391969498726,0.0
199,228,0.5951651344909761,2.639826598155994,0.0
198,227,0.5961865849506288,2.645126268442044,0.0
938,967,0.5973782771535578,2.246107396159749,0.0
197,226,0.5989104528430359,2.6600555700657886,0.0
1377,1406,0.5994211780728627,2.5335240252002658,0.0
940,969,0.600102145045965,2.261036697783493,0.0
939,968,0.600102145045965,2.261036697783493,0.0
1376,1405,0.6035069799114734,2.5553472732364026,0.0
679,708,0.6053796390875038,2.510620828578004,0.0
677,706,0.6053796390875038,2.510620828578004,0.0
678,707,0.6053796390875038,2.510620828578004,0.0
932,961,0.607252298263534,2.300672855379983,0.0
326,355,0.6084439904664619,2.4131299898623606,0.0
489,518,0.6086142322097374,2.1791417465758056,0.0
488,517,0.6086142322097374,2.1791417465758056,0.0
937,966,0.6092951991828394,2.3084103612295133,0.0
933,962,0.6099761661559412,2.315602157003727,0.0
934,963,0.6099761661559412,2.315602157003727,0.0
196,225,0.6108273748723175,2.70773702089914,0.0
935,964,0.6113381001021447,2.3203547599564547,0.0
936,965,0.6116785835886956,2.322731794307967,0.0
287,316,0.6132107592781747,2.1204143803609594,0.0
288,317,0.6132107592781747,2.1204143803609594,0.0
289,318,0.6132107592781747,2.1204143803609594,0.0
284,313,0.6159346271705819,2.128450035632325,0.0
286,315,0.6159346271705819,2.128450035632325,0.0
285,314,0.6159346271705819,2.128450035632325,0.0
1678,1707,0.6353421859039833,2.524016889216753,37.38508682328907
689,718,0.6367041198501867,2.6291106547771417,0.0
490,519,0.6368743615934623,2.295211980782896,0.0
1355,1384,0.6375553285665637,2.671078288903736,0.0
688,717,0.6380660537963904,2.6386569225922463,0.0
1356,1385,0.6382362955396657,2.675022751803183,0.0
1357,1386,0.6382362955396657,2.675022751803183,0.0
687,716,0.6384065372829413,2.641033956943759,0.0
686,715,0.6401089547156958,2.651556776487191,0.0
195,224,0.6418113721484496,2.8183202510408787,0.0
1358,1387,0.6419816138917255,2.693317789992688,0.0
1359,1388,0.6423220973782764,2.6956948243442005,0.0
1360,1389,0.6426625808648273,2.698071858695713,0.0
342,371,0.6426625808648275,3.033578412066327,0.0
343,372,0.6426625808648275,3.033578412066327,0.0
1375,1404,0.6440245148110307,2.7629377241449333,0.0
676,705,0.6452162070139592,2.820288151521744,0.0
675,704,0.6455566905005101,2.822665185873257,0.0
871,900,0.645726932243786,2.4923663996257246,0.0
869,898,0.6460674157303368,2.494743433977237,0.0
870,899,0.6460674157303368,2.494743433977237,0.0
292,321,0.6460674157303369,2.4295051770429374,0.0
291,320,0.6460674157303369,2.4295051770429374,0.0
290,319,0.6460674157303369,2.4295051770429374,0.0
674,703,0.6482805583929173,2.837594487497001,0.0
868,897,0.6487912836227441,2.508136294428677,0.0
867,896,0.6487912836227441,2.508136294428677,0.0
341,370,0.6498127340823964,3.0732272542104715,0.0
1373,1402,0.6515151515151505,2.8012417436964845,0.0
1374,1403,0.6515151515151505,2.8012417436964845,0.0
491,520,0.6535580524344564,2.3858752043035882,0.0
492,521,0.6538985359210073,2.3882522386551006,0.0
493,522,0.6545795028941092,2.392665782051905,0.0
866,895,0.6556009533537619,2.544853724652606,0.0
52,81,0.656111678583588,2.843357226438403,0.0
503,532,0.6583248212461691,2.457289337650056,0.0
500,529,0.6586653047327199,2.4552528286047637,0.0
501,530,0.65866530473272,2.455252828604764,0.0
502,531,0.659005788219271,2.4572893376500557,0.0
499,528,0.6600272386789235,2.462468723703091,0.0
495,524,0.6603677221654745,2.417807618933831,0.0
496,525,0.6603677221654745,2.417807618933831,0.0
50,79,0.662580864828055,2.87379496010878,0.0
51,80,0.6629213483146059,2.8761719944602926,0.0
497,526,0.6644535240040854,2.4426116540173326,0.0
194,223,0.6670071501532162,2.98293657788139,0.0
494,523,0.6678583588695943,2.454756537323909,0.0
874,903,0.6678583588695944,2.575534333536255,0.0
873,902,0.6678583588695944,2.575534333536255,0.0
872,901,0.6695607763023489,2.5854426415927207,0.0
193,222,0.6751787538304379,3.0182515772440364,0.0
266,295,0.6811372148450798,2.9029329537119386,0.0
267,296,0.6811372148450798,2.9029329537119386,0.0
268,297,0.6811372148450798,2.9029329537119386,0.0
281,310,0.6831801157643851,2.5313448240938854,0.0
283,312,0.683520599250936,2.5337218584453978,0.0
282,311,0.683520599250936,2.5337218584453978,0.0
498,527,0.6882873680626486,2.577714448938055,0.0
269,298,0.6882873680626487,2.9385160470350113,0.0
271,300,0.6889683350357505,2.942929590431816,0.0
270,299,0.6889683350357505,2.942929590431816,0.0
506,535,0.6893088185223011,2.897068609676782,0.0
517,546,0.6899897854954027,3.0213092206468812,0.0
516,545,0.6899897854954027,3.0213092206468812,0.0
515,544,0.6899897854954027,3.0213092206468812,0.0
507,536,0.6910112359550555,2.9056074418201323,0.0
508,537,0.6916922029281575,2.90955190471958,0.0
504,533,0.6957780047667683,2.756302844735172,0.0
505,534,0.6957780047667683,2.756302844735172,0.0
1351,1380,0.6971399387129718,3.309432749387834,0.0
279,308,0.6985018726591758,2.603632745449461,0.0
280,309,0.6985018726591758,2.603632745449461,0.0
1352,1381,0.6991828396322771,3.3230300309609464,0.0
1412,1441,0.7010554988083073,2.8243748904988584,0.0
1414,1443,0.70207694926796,2.830696387749818,0.0
1413,1442,0.70207694926796,2.830696387749818,0.0
682,711,0.7025876744977864,3.0413654861172024,0.0
680,709,0.7025876744977864,3.0413654861172024,0.0
681,710,0.7025876744977864,3.0413654861172024,0.0
684,713,0.7053115423901937,3.062285800391038,0.0
685,714,0.7053115423901937,3.062285800391038,0.0
1353,1382,0.7056520258767442,3.355847312659551,0.0
1354,1383,0.7056520258767442,3.355847312659551,0.0
683,712,0.7056520258767445,3.064662834742551,0.0
189,218,0.7093973442288035,3.282607059237354,0.0
190,219,0.7097378277153544,3.285133120178404,0.0
1415,1444,0.7119509703779362,2.887582532951384,0.0
1417,1446,0.7122914538644871,2.8899595673028964,0.0
1416,1445,0.7122914538644871,2.8899595673028964,0.0
192,221,0.7134831460674144,3.3030132848339115,0.0
191,220,0.7145045965270671,3.3098037789357675,0.0
758,787,0.7206332992849843,2.5805959991241347,0.0
757,786,0.7243786176370443,2.598719317583405,0.0
756,785,0.7243786176370443,2.598719317583405,0.0
755,784,0.7243786176370443,2.598719317583405,0.0
759,788,0.725059584610146,2.6033045807104442,0.0
760,789,0.725059584610146,2.6033045807104442,0.0
1407,1436,0.7288049029622059,3.1112160379905927,0.0
1408,1437,0.7288049029622059,3.1112160379905927,0.0
1406,1435,0.7291453864487569,3.113593072342105,0.0
1411,1440,0.731869254341164,3.12671778877577,0.0
1410,1439,0.7322097378277148,3.129094823127282,0.0
1409,1438,0.7328907048008168,3.1330392860267295,0.0
698,727,0.734933605720122,3.454562531863073,0.0
699,728,0.734933605720122,3.454562531863073,0.0
700,729,0.7352740892066729,3.4589760752598773,0.0
265,294,0.7368062648961522,3.285993668702913,0.0
264,293,0.7405515832482121,3.305660408947319,0.0
263,292,0.741232550221314,3.3100739523441236,0.0
694,723,0.7431052093973437,3.4898081493424495,0.0
693,722,0.7431052093973437,3.4898081493424495,0.0
695,724,0.7431052093973437,3.492156326718084,0.0
696,725,0.7431052093973437,3.492156326718084,0.0
697,726,0.7431052093973437,3.492156326718084,0.0
1366,1395,0.7487231869254334,2.9568487506111993,0.0
1365,1394,0.7487231869254334,2.9568487506111993,0.0
1364,1393,0.7487231869254334,2.9568487506111993,0.0
692,721,0.7499148791283617,3.5240142078304073,0.0
690,719,0.7536601974804216,3.542412215017682,0.0
691,720,0.7536601974804216,3.542412215017682,0.0
763,792,0.7557030983997273,2.7392358489302904,0.0
762,791,0.7557030983997273,2.7392358489302904,0.0
761,790,0.7557030983997273,2.7392358489302904,0.0
1147,1176,0.7574055158324816,2.8841654059691697,0.0
1146,1175,0.7580864828055834,2.8885789493659746,0.0
1145,1174,0.7580864828055834,2.8885789493659746,0.0
218,247,0.7589376915219607,2.7519897120634855,0.0
217,246,0.7592781750085116,2.754366746414998,0.0
1363,1392,0.761831801157643,3.0715330813267085,0.0
1362,1391,0.761831801157643,3.0715330813267085,0.0
1361,1390,0.7625127681307449,3.075946624723513,0.0
754,783,0.7631937351038471,2.8875609805364375,0.0
753,782,0.7648961525366017,2.9056741330122002,0.0
1144,1173,0.7681307456588349,2.936564345649274,0.0
752,781,0.7683009874021106,2.9237872854879625,0.0
216,245,0.7684712291453859,2.806823117996178,0.0
1143,1172,0.7694926796050385,2.944710298162613,0.0
215,244,0.7708546135512422,2.8201159770228843,0.0
214,243,0.774940415389853,2.8363361198821475,0.0
740,769,0.7766428328226076,3.007247130927712,0.0
213,242,0.7889002383384399,2.904206513159009,0.0
212,241,0.7889002383384399,2.904206513159009,0.0
356,385,0.7890704800817158,3.3782974410297055,0.0
1138,1167,0.7950289410963564,3.188647857248291,0.0
1137,1166,0.7950289410963564,3.188647857248291,0.0
208,237,0.7986040177051403,3.007333410569503,0.0
1370,1399,0.8023493360572004,3.279840414229622,0.0
1141,1170,0.8035410282601289,3.217269431580488,0.0
1140,1169,0.8035410282601289,3.217269431580488,0.0
1372,1401,0.803711270003404,3.2886673337160626,0.0
1371,1400,0.803711270003404,3.2886673337160626,0.0
1139,1168,0.8042219952332306,3.2216829749772926,0.0
1142,1171,0.8042219952332306,3.220201204894378,0.0
1130,1159,0.8042219952332308,3.210976691578687,0.0
1131,1160,0.8042219952332308,3.210976691578687,0.0
1132,1161,0.8042219952332308,3.210976691578687,0.0
750,779,0.8054136874361589,3.267529047813685,0.0
751,780,0.8054136874361589,3.267529047813685,0.0
211,240,0.8055839291794341,2.984163328837323,0.0
749,778,0.8074565883554643,3.2800882090524874,0.0
1367,1396,0.8076268300987395,3.3065312360865975,0.0
1368,1397,0.8076268300987395,3.3065312360865975,0.0
748,777,0.8077970718420152,3.272983354821971,0.0
1119,1148,0.8094994892747698,3.2660392666026263,0.0
1120,1149,0.8094994892747698,3.2660392666026263,0.0
1369,1398,0.8096697310180448,3.318816369324985,0.0
1118,1147,0.8098399727613207,3.2684163009541387,0.0
210,239,0.8144364998297574,3.0297412987232626,0.0
747,776,0.8146067415730333,3.3058006365205754,0.0
1126,1155,0.8149472250595844,3.2812473063088605,0.0
1124,1153,0.8152877085461352,3.283624340660373,0.0
1125,1154,0.8152877085461352,3.283624340660373,0.0
347,376,0.8161389172625124,3.4407667522952314,0.0
1679,1708,0.817500851208716,3.203342503438116,56.07763023493361
1128,1157,0.8180115764385424,3.294322859329729,0.0
278,307,0.8183520599250933,2.9894542309111505,0.0
1127,1156,0.8186925434116442,3.298736402726534,0.0
743,772,0.8195437521280212,3.3146554781877082,0.0
744,773,0.8198842356145721,3.3170325125392206,0.0
1129,1158,0.8203949608443987,3.3076157183564354,0.0
745,774,0.8209056860742249,3.3233540097901804,0.0
1121,1150,0.8217568947906023,3.3143902276004997,0.0
1123,1152,0.8220973782771532,3.316767261952012,0.0
1122,1151,0.8220973782771532,3.316767261952012,0.0
741,770,0.8232890704800812,3.328961726410451,0.0
742,771,0.8232890704800812,3.328961726410451,0.0
209,238,0.8270343888321408,3.086172375844803,0.0
746,775,0.8343547837929856,3.3857574521988894,0.0
202,231,0.838440585631596,3.070603316181884,0.0
348,377,0.8392917943479737,3.5340155824992907,0.0
349,378,0.8392917943479737,3.5340155824992907,0.0
205,234,0.8415049370105541,3.084848826076279,0.0
204,233,0.8442288049029614,3.099778127700023,0.0
350,379,0.8454204971058898,3.560698434513832,0.0
351,380,0.8464419475655426,3.5670199317647917,0.0
352,381,0.8464419475655426,3.5670199317647917,0.0
354,383,0.8471229145386444,3.5702582985994358,0.0
355,384,0.8471229145386444,3.5702582985994358,0.0
353,382,0.8484848484848481,3.578404251112775,0.0
203,232,0.848655090228123,3.122486165074426,0.0
346,375,0.8525706503234589,3.7387157126145683,0.0
345,374,0.8525706503234589,3.7387157126145683,0.0
23,52,0.8588695948246506,3.524040981629515,0.0
24,53,0.8636363636363632,3.5504968345149166,0.0
22,51,0.8673816819884232,3.4631148064485693,18.89683350357508
1135,1164,0.8685733741913513,3.5951572337071123,0.0
1134,1163,0.8685733741913513,3.5951572337071123,0.0
1133,1162,0.8689138576779021,3.5975342680586246,0.0
25,54,0.8694245829077285,3.5810168554806574,0.0
26,55,0.8731699012597884,3.603159587008803,0.0
201,230,0.8735103847463389,3.4850470558192335,0.0
27,56,0.8735103847463394,3.6055366213603155,0.0
28,57,0.8752128021790938,3.6154449294167814,0.0
1136,1165,0.8791283622744291,3.6426800788595335,0.0
200,229,0.8850868232890695,3.5363953697457173,0.0
329,358,0.8975144705481779,3.384034101141871,0.0
328,357,0.8981954375212797,3.3791425125819337,0.0
327,356,0.8981954375212797,3.3791425125819337,0.0
330,359,0.9022812393598905,3.4091191728677863,0.0
331,360,0.9026217228464414,3.4114962072192987,0.0
29,58,0.9038134150493697,3.7275488967674555,0.0
30,59,0.9119850187265913,3.766873885850501,0.0
32,61,0.9140279196458967,3.779791411558651,0.0
31,60,0.9150493701055494,3.7834088068827807,0.0
33,62,0.9177732379979566,3.800739122656314,0.0
41,70,0.922199523323118,3.954787911671988,0.0
207,236,0.9228804902962197,3.4130226195813065,0.0
34,63,0.923220973782771,3.82969225957869,0.0
206,235,0.9368403132448068,3.4786760957303104,0.0
335,364,0.9463738508682322,3.8655038547584724,0.0
336,365,0.9463738508682322,3.8655038547584724,0.0
337,366,0.9463738508682322,3.8655038547584724,0.0
339,368,0.9564181137214839,3.999424375482893,0.0
338,367,0.9564181137214839,3.999424375482893,0.0
340,369,0.9567585972080348,4.001801409834406,0.0
44,73,0.9589717398706155,4.271317957101958,0.0
45,74,0.9596527068437174,4.277532121146897,0.0
332,361,0.9606741573033701,3.9043296714169706,0.0
333,362,0.961355124276472,3.908743214813775,0.0
334,363,0.9616956077630229,3.9111202491652874,0.0
42,71,0.9698672114402443,4.307658286161363,0.0
46,75,0.9729315628192023,4.34046257860841,0.0
43,72,0.9739530132788552,4.3308991144442075,0.0
48,77,0.9794007490636696,4.346693277129408,0.0
49,78,0.9804221995233222,4.352188041789069,0.0
47,76,0.9974463738508674,4.424462884219874,0.0
1680,1709,1.0051072522982631,3.912860119511811,74.77017364657814
21,50,1.049540347293156,4.132937818924335,37.79366700715016
19,48,1.1086142322097374,4.039819576836744,75.85972080354104
35,64,1.1911814776983312,4.781720308721379,0.0
36,65,1.1962887299965947,4.810294634779002,0.0
37,66,1.1976506639427984,4.818440587292341,0.0
39,68,1.20207694926796,4.837116113129984,0.0
38,67,1.2030983997276128,4.843437610380944,0.0
40,69,1.205141300646918,4.855229265605746,0.0
1681,1710,1.216036772216547,4.77160832474897,93.46271705822268
20,49,1.2391896493020085,4.83727157321953,56.72454885938033
18,47,1.3052434456928832,4.770472755651846,95.0119169220293
1682,1711,1.4027919645897169,5.478583555281319,112.15526046986722
17,46,1.4839972761321072,5.415993886615916,114.23220973782773
1683,1712,1.5970377936670066,6.213788138817745,130.91590057882195
16,45,1.6731358529111333,6.092804985924901,133.5035750766088
1684,1713,1.7880490296220626,6.937869058614087,149.60844399046647
15,44,1.8704460333673814,6.81151951468499,152.82601293837246
1685,1714,1.9901259788900232,7.708774500231948,168.300987402111
14,43,2.0597548518896827,7.487805840303879,172.14845080013617
1686,1715,2.176540687776642,8.414590747646349,186.9935308137555
13,42,2.2453183520599245,8.145696983788776,191.7092271024855
1687,1716,2.36636023152877,9.139980222185388,205.7030983997276
12,41,2.450459652706843,8.880063768921397,211.49131767109293
1688,1717,2.5532856656452156,9.843223219526925,224.41266598569968
10,39,2.5779707184201563,9.43115014752152,251.29383724889345
11,40,2.6559414368403127,9.611917371300615,231.30745658835548
1689,1718,2.7585972080354098,10.628135110608268,243.12223357167176
9,38,2.7839632277834516,10.157598693963376,271.21212121212125
1690,1719,2.9445011916922024,11.327803030927097,261.83180115764384
8,37,3.003234593122232,10.935237734178392,291.9816138917263
1691,1720,3.1191692202928154,11.97455131965895,280.5413687436159
7,36,3.216717739189648,11.667328715877593,312.97242083758937
1692,1721,3.304392236976506,12.669907466780156,299.250936329588
6,35,3.433946203609124,12.42636335727793,333.8951310861423
1693,1722,3.4897854954034724,13.367589767966837,317.9605039155601
5,34,3.6504937010554976,13.171289461691686,354.95403472931565
1694,1723,3.6770514130064678,14.075090870308006,336.67007150153216
1695,1724,3.872659176029961,14.823664588468718,355.37963908750424
4,33,3.879468845760979,13.960759498984842,376.55771195097043
1696,1725,4.058733401430029,15.525658559948688,374.0892066734763
3,32,4.1239359891045275,14.954453488995773,397.61661559414375
2,31,4.383724889342865,16.01291746206473,418.93088185223024
1697,1726,4.452843037112698,16.99963060936361,392.7987742594484
1,30,4.610146407899216,16.761453773805947,441.40279196458977
1698,1727,4.64402451481103,17.752162255075092,411.5083418454205
1699,1728,4.8311201906707515,18.46274528380103,430.21790943139257
1700,1729,5.008001361933945,19.11652160587058,448.92747701736465
1701,1730,5.193224378617636,19.811877752991787,467.63704460333673
1702,1731,5.378787878787877,20.510280991529783,486.3806605379639
1703,1732,5.562308478038813,21.194737011369625,505.124276472591
1704,1733,5.754851889683348,21.938853121329323,523.8678924072182
1708,1737,5.915219611848823,22.460302989182242,562.2063329928498
1705,1734,5.930541368743613,22.58886248000707,542.7477017364657
1715,1744,6.101804562478718,23.083639271127186,564.3854273067756
1711,1740,6.101804562478718,23.09002568853299,563.1086142322096
1712,1741,6.102996254681646,23.084856562458747,563.432073544433
1707,1736,6.110486891385766,23.209184043849216,561.9169220292815
1714,1743,6.112700034048347,23.130349228308983,564.0449438202247
1713,1742,6.113551242764724,23.136200472003864,563.7044603336739
1706,1735,6.114913176710927,23.2750830818265,561.6785835886959
1716,1745,6.123595505617975,23.12634656979296,566.8369084099421
1709,1738,6.124446714334352,23.251081306072567,562.4957439564181
1710,1739,6.124446714334352,23.243013781441846,562.8021790943138
1717,1746,6.148961525366017,23.194755087517752,569.2883895131087
1727,1756,6.160027238678923,22.954286726136353,595.0459652706842
1718,1747,6.165815457950287,23.22014659817053,571.7739189649302
1719,1748,6.167517875383042,23.180752549900014,574.2764725910794
1728,1757,6.1758597208035395,22.94582822263162,597.7698331630913
1729,1758,6.197820905686072,22.995218033652243,600.7490636704118
1720,1749,6.2036091249574365,23.29772619074556,576.7790262172285
1730,1759,6.220803541028258,23.05260087815115,603.7623425263873
1721,1750,6.225910793326521,23.352184296517994,579.2815798433778
1739,1768,6.231358529111337,22.98499637921687,631.5457950289411
1731,1760,6.244977868573373,23.11326252161694,606.8266939053455
1740,1769,6.257575757575757,23.055931866717994,634.88253319714
1722,1751,6.258426966292133,23.455855102762918,581.818181818182
1732,1761,6.269662921348312,23.17701757960459,609.8569969356486
1723,1752,6.282260810350696,23.528674609492192,584.4058563159688
1733,1762,6.294177732379977,23.237585900615837,612.9213483146067
1724,1753,6.30456247871978,23.585764654636062,586.9935308137556
1734,1763,6.311882873680624,23.255034502307005,616.0197480422198
1725,1754,6.317500851208714,23.591743548648758,589.6493020088526
1735,1764,6.333844058563156,23.31169108121451,619.1011235955054
1726,1755,6.344739530132787,23.670111023593776,592.3220973782771
1736,1765,6.356486210418792,23.37172928270336,622.1654749744637
1737,1766,6.3912155260469845,23.643708885416245,625.3149472250595
1738,1767,6.414368403132446,23.704537432684905,628.4303711270003
1741,1770,6.486550902281239,23.857941795921924,638.2703438883213
1742,1771,6.712461695607764,24.6750864557244,641.6751787538303
1743,1772,6.7255703098399735,24.67408016391872,645.2502553626148
1744,1773,6.9536942458290785,25.470385647301892,648.8593803200544
1745,1774,6.980932924753151,25.53286837687829,652.7068437180795
1746,1775,6.996424923391216,25.601069579629428,654.5284303711269
1747,1776,6.999829758256724,25.595097151589513,656.3329928498466
