Position,Mutability,Shannon_entropy,Gap_percentage,A_percentage,T_percentage,G_percentage,C_percentage,Element
1,0.3131621065467571,0.9927768689219364,44.63836597820288,55.35401265147474,0.0,0.0076213703223839,0.0,5' unpaired
2,0.3153723039402484,0.9963583053224092,44.508802682722354,0.0076213703223839,55.45309046566573,0.0076213703223839,0.0228641109671518,5' unpaired
3,0.3954729060285039,1.3703027976463464,44.31064705434037,45.75870741559333,0.0304854812895358,9.900160048776767,0.0,5' unpaired
4,0.3163630820821583,0.9936002010886836,44.005792241445015,0.0228641109671518,55.96372227726545,0.0,0.0076213703223839,5' unpaired
5,0.3151436628305769,0.9917533501000452,44.31826842466276,0.0,55.67411020501486,0.0076213703223839,0.0,5' unpaired
6,0.458654066001067,1.5554503937544002,40.09602926606204,0.0457282219343037,23.207072631659173,36.63592713969972,0.0152427406447679,stem
7,0.3226126057465132,0.9747300947975936,39.798795823489066,60.16309732489902,0.0228641109671518,0.0152427406447679,0.0,stem
8,0.3247465894367807,0.9685682084179862,39.097629753829736,60.87950613520311,0.0076213703223839,0.0,0.0152427406447679,stem
9,0.3244417346238853,0.9599995145755748,38.12209435256459,61.87028427711303,0.0076213703223839,0.0,0.0,stem
10,0.316972791707949,0.947618392769652,36.003353402941855,0.0304854812895358,0.0076213703223839,63.95853974544623,0.0,stem
11,0.0,0.0,0.0,100.0,0.0,0.0,0.0,stem
12,0.0,0.0,0.0,0.0,100.0,0.0,0.0,stem
13,0.0,0.0,0.0,0.0,0.0,100.0,0.0,stem
14,0.0001524274064476,0.0011525211584295,0.0,99.99237862967762,0.0,0.0076213703223839,0.0,stem
15,0.0003048548128953,0.002305033936285,0.0,0.0076213703223839,0.0,99.98475725935523,0.0076213703223839,stem
16,0.3412849630363539,0.9936620143312738,0.0,0.0,45.31666793689506,0.0,54.68333206310495,stem
17,0.0010669918451337,0.0070302309944875,0.0,0.0152427406447679,0.0381068516119198,0.0,99.9466504077433,stem
18,0.0016767014709244,0.0104857552433899,0.0,0.0609709625790717,99.91616492645376,0.0,0.0228641109671518,stem
19,0.0019815562838198,0.012638177323264,0.0,0.0152427406447679,99.900922185809,0.0609709625790717,0.0228641109671518,stem
20,0.004267967380535,0.0220086054872856,0.0,0.0,0.213398369026751,0.0,99.78660163097324,stem
21,0.0003048548128953,0.002305033936285,0.0,0.0076213703223839,99.98475725935523,0.0,0.0076213703223839,multiloop
22,0.0786525417270025,0.3241903331446352,0.0,94.56596296014024,5.098696745674872,0.3048548128953586,0.0304854812895358,multiloop
23,0.0006097096257907,0.0040003247219275,0.0,99.96951451871048,0.0,0.0,0.0304854812895358,multiloop
24,0.0001524274064476,0.0011525211584295,0.0,0.0,0.0076213703223839,0.0,99.99237862967762,multiloop
25,0.0150903132383202,0.1540340610218352,0.0,1.8748570993064555,0.1752915174148312,0.0076213703223839,97.94223001295632,multiloop
26,0.0003048548128953,0.0021526065298373,0.0,0.0152427406447679,0.0,99.98475725935523,0.0,multiloop
27,0.0001524274064476,0.0011525211584295,0.0,99.99237862967762,0.0,0.0076213703223839,0.0,multiloop
28,0.0015242740644767,0.0089930699622373,0.0,0.0762137032238396,0.0,99.92378629677616,0.0,stem
29,0.0007621370322383,0.0051528123542275,0.0,0.0304854812895358,0.0076213703223839,99.96189314838809,0.0,stem
30,0.0001524274064476,0.0021526065298373,0.0,0.0,99.98475725935523,0.0152427406447679,0.0,stem
31,0.0091456443868607,0.0463623609254201,0.0,0.1143205548357594,0.3353402941848944,0.0076213703223839,99.54271778065696,stem
32,0.0,0.0,0.0,0.0,0.0,100.0,0.0,stem
33,0.0003048548128953,0.0021526065298373,0.0,99.98475725935523,0.0,0.0152427406447679,0.0,stem
34,0.0003048548128953,0.0021526065298373,0.0,99.98475725935523,0.0,0.0152427406447679,0.0,stem
35,0.0001524274064476,0.0011525211584295,0.0,99.99237862967762,0.0,0.0076213703223839,0.0,stem
36,0.000457282219343,0.0033051109264797,0.0,0.0152427406447679,0.0,0.0076213703223839,99.97713588903284,stem
37,0.0,0.0,0.0,0.0,0.0,100.0,0.0,interior loop & bulge
38,0.000457282219343,0.0030951507479748,0.0,0.0,99.97713588903284,0.0,0.0228641109671518,interior loop & bulge
39,0.0,0.0,0.0,100.0,0.0,0.0,0.0,interior loop & bulge
40,0.3370169956558189,0.9940083221000228,0.0,0.0,54.55376876762442,0.0,45.44623123237558,stem
41,0.0003048548128953,0.002305033936285,0.0,0.0076213703223839,0.0,99.98475725935523,0.0076213703223839,stem
42,0.000457282219343,0.0033051109264797,0.0,0.0152427406447679,99.97713588903284,0.0076213703223839,0.0,stem
43,0.0027436933160582,0.0171903783833458,0.0,0.0762137032238396,99.8551939638747,0.0,0.0685923329014556,stem
44,0.0,0.0,0.0,0.0,0.0,0.0,100.0,stem
45,0.0,0.0,0.0,0.0,100.0,0.0,0.0,stem
46,0.2838960445088027,0.9594940185007288,0.0,0.0838350735462236,36.94840332291746,0.0,62.96776160353632,stem
47,0.0003048548128953,0.002305033936285,0.0,0.0,99.98475725935523,0.0076213703223839,0.0076213703223839,stem
48,0.0006097096257907,0.0040003247219275,0.0,0.0,0.0304854812895358,0.0,99.96951451871048,stem
49,0.0024388385031628,0.0147255106992767,0.0,0.0457282219343037,99.87805807484186,0.0,0.0762137032238396,stem
50,0.0027436933160582,0.0150236004248692,0.0,99.86281533419708,0.0,0.1371846658029113,0.0,multiloop
51,0.0001524274064476,0.0011525211584295,0.0,0.0,99.99237862967762,0.0,0.0076213703223839,multiloop
52,0.0081548662449508,0.0432998931403849,0.0,0.1219419251581434,0.2896120722505906,0.0076213703223839,99.58082463226889,multiloop
53,0.3187257068820974,0.9863100877508372,0.0,42.85496532276503,0.0,57.137413306912585,0.0076213703223839,multiloop
54,0.0006097096257907,0.0040003247219275,0.0,0.0,99.96951451871048,0.0,0.0304854812895358,multiloop
55,0.3498971115006478,1.0645934506651469,0.0,0.9755354012651476,54.62998247084826,0.0228641109671518,44.37161801691944,multiloop
56,0.000914564438686,0.00573294383994,0.0,0.0,0.0457282219343037,0.0,99.95427177806567,multiloop
57,0.0,0.0,0.0,0.0,0.0,0.0,100.0,stem
58,0.3452480756039936,1.0645966542755798,0.0,55.93323679597592,0.9602926606203795,43.03025684017987,0.0762137032238396,stem
59,0.0001524274064476,0.0011525211584295,0.0,0.0,99.99237862967762,0.0,0.0076213703223839,stem
60,0.0,0.0,0.0,0.0,0.0,0.0,100.0,stem
61,0.0098315677158753,0.055557805260981,0.0,99.46650407743311,0.0685923329014556,0.2362624799939028,0.2286411096715189,stem
62,0.0006097096257907,0.0040003247219275,0.0,0.0304854812895358,0.0,99.96951451871048,0.0,stem
63,0.0,0.0,0.0,0.0,0.0,100.0,0.0,stem
64,0.0001524274064476,0.0011525211584295,0.0,0.0,0.0076213703223839,0.0,99.99237862967762,stem
65,0.0010669918451337,0.0065697596904736,0.0,0.0,0.0533495922566877,0.0,99.9466504077433,stem
66,0.0,0.0,0.0,0.0,0.0,0.0,100.0,multiloop
67,0.0,0.0,0.0,0.0,0.0,0.0,100.0,multiloop
68,0.0,0.0,0.0,0.0,0.0,0.0,100.0,stem
69,0.0,0.0,0.0,0.0,100.0,0.0,0.0,stem
70,0.0,0.0,0.0,0.0,0.0,0.0,100.0,stem
71,0.0,0.0,0.0,100.0,0.0,0.0,0.0,hairpin loop
72,0.0001524274064476,0.0011525211584295,0.0,99.99237862967762,0.0,0.0076213703223839,0.0,hairpin loop
73,0.0012194192515814,0.0073908056982098,0.0,99.93902903742092,0.0,0.0609709625790717,0.0,hairpin loop
74,0.000457282219343,0.0030951507479748,0.0,0.0228641109671518,0.0,99.97713588903284,0.0,hairpin loop
75,0.0001524274064476,0.0011525211584295,0.0,0.0,0.0,0.0076213703223839,99.99237862967762,hairpin loop
76,0.000914564438686,0.0060301875355341,0.0,0.0381068516119198,0.0076213703223839,0.0,99.95427177806567,hairpin loop
77,0.0003048548128953,0.002305033936285,0.0,0.0076213703223839,0.0,99.98475725935523,0.0076213703223839,stem
78,0.0,0.0,0.0,100.0,0.0,0.0,0.0,stem
79,0.025150522063867,0.293491971835747,0.0,5.052968523740568,0.0381068516119198,94.90892462464753,0.0,stem
80,0.0003048548128953,0.0021526065298373,0.0,99.98475725935523,0.0,0.0152427406447679,0.0,multiloop
81,0.0,0.0,0.0,0.0,100.0,0.0,0.0,stem
82,0.0056398140385641,0.0311970420031511,0.0,0.0914564438686075,0.198155628381983,0.0,99.7103879277494,stem
83,0.0,0.0,0.0,0.0,0.0,100.0,0.0,interior loop & bulge
84,0.0,0.0,0.0,0.0,0.0,0.0,100.0,interior loop & bulge
85,0.2402255925615425,0.820301437398994,0.0,24.48746284581968,0.1448060361252953,75.35248837741025,0.0152427406447679,stem
86,0.0,0.0,0.0,0.0,0.0,0.0,100.0,stem
87,0.000457282219343,0.0033051109264797,0.0,99.97713588903284,0.0,0.0152427406447679,0.0076213703223839,stem
88,0.0025912659096105,0.0142958679419383,0.0,0.1295632954805274,0.0,99.87043670451948,0.0,stem
89,0.0001524274064476,0.0011525211584295,0.0,99.99237862967762,0.0,0.0076213703223839,0.0,stem
90,0.0109747732642329,0.0651100658961392,0.0,0.7697584025607804,0.0,99.23024159743922,0.0,stem
91,0.0019815562838198,0.0113158064038469,0.0,99.900922185809,0.0,0.0990778141909915,0.0,stem
92,0.0053349592256687,0.028844738547416,0.0,0.0685923329014556,0.198155628381983,0.0,99.73325203871656,stem
93,0.0,0.0,0.0,0.0,100.0,0.0,0.0,hairpin loop
94,0.284200899321698,0.9791382985840495,0.0,0.3277189238625104,62.95251886289155,36.71214084292356,0.0076213703223839,hairpin loop
95,0.0,0.0,0.0,0.0,0.0,100.0,0.0,hairpin loop
96,0.0001524274064476,0.0011525211584295,0.0,99.99237862967762,0.0,0.0076213703223839,0.0,hairpin loop
97,0.0248456672509717,0.1017097447925999,0.0,98.67388156390518,0.0,1.3261184360948095,0.0,hairpin loop
98,0.2817620608185351,0.9496856730779676,0.0,36.87218961969362,0.0,63.12781038030638,0.0,hairpin loop
99,0.2843533267281457,0.9471100929501493,0.0,63.45552930416889,0.0,36.54447069583111,0.0,hairpin loop
100,0.0015242740644767,0.0089930699622373,0.0,0.0,99.92378629677616,0.0,0.0762137032238396,hairpin loop
101,0.0010669918451337,0.0065697596904736,0.0,0.0533495922566877,0.0,99.9466504077433,0.0,stem
102,0.0007621370322383,0.004877708286364,0.0,0.0,99.96189314838809,0.0,0.0381068516119198,stem
103,0.0929045042298605,0.4665313497945607,0.0,6.821126438533648,1.333739806417194,0.0533495922566877,91.79178416279248,stem
104,0.0,0.0,0.0,0.0,100.0,0.0,0.0,stem
105,0.0,0.0,0.0,0.0,100.0,0.0,0.0,stem
106,0.0016767014709244,0.0105510214254961,0.0,0.0,99.9085435561314,0.0,0.0914564438686075,stem
107,0.0027436933160582,0.0163461686564482,0.0,0.0838350735462236,0.0533495922566877,99.86281533419708,0.0,stem
108,0.0010669918451337,0.0065697596904736,0.0,0.0,0.0533495922566877,0.0,99.9466504077433,stem
109,0.2971572288697507,1.010783176803005,0.0,38.38884231384803,61.03955491197317,0.4953890709549577,0.0762137032238396,interior loop & bulge
110,0.0,0.0,0.0,0.0,0.0,100.0,0.0,interior loop & bulge
111,0.0,0.0,0.0,0.0,0.0,100.0,0.0,interior loop & bulge
112,0.3411325356299062,0.9956059160623568,0.0,44.61550186723573,0.0228641109671518,55.35401265147474,0.0076213703223839,stem
113,0.0,0.0,0.0,100.0,0.0,0.0,0.0,stem
114,0.0006097096257907,0.0040003247219275,0.0,99.96951451871048,0.0,0.0304854812895358,0.0,multiloop
115,0.3371694230622666,0.9935791100363622,0.0,54.71381754439448,0.0,45.28618245560552,0.0,multiloop
116,0.0003048548128953,0.002305033936285,0.0,99.98475725935523,0.0076213703223839,0.0,0.0076213703223839,multiloop
117,0.0041155399740873,0.0213306630321414,0.0,99.79422300129563,0.0,0.205776998704367,0.0,multiloop
118,0.0775855498818687,0.3993681340675363,0.0,0.0076213703223839,7.888118283667403,0.0,92.1042603460102,multiloop
119,0.0157000228641109,0.0771278876914964,0.0,99.05495008002438,0.0,0.9450499199756116,0.0,multiloop
120,0.0016767014709244,0.0097770546639488,0.0,0.0,0.0838350735462236,0.0,99.91616492645376,multiloop
121,0.0733937962045575,0.4294203725374178,0.0,91.81464827375964,0.2286411096715189,0.0685923329014556,7.888118283667403,multiloop
122,0.0003048548128953,0.002305033936285,0.0,0.0076213703223839,0.0076213703223839,99.98475725935523,0.0,multiloop
123,0.0,0.0,0.0,100.0,0.0,0.0,0.0,multiloop
124,0.0059446688514594,0.0313840782298574,0.0,0.0152427406447679,99.68752381678226,0.0,0.2972334425729746,stem
125,0.0003048548128953,0.002305033936285,0.0,0.0076213703223839,0.0,0.0076213703223839,99.98475725935523,stem
126,0.0001524274064476,0.0011525211584295,0.0,0.0,99.99237862967762,0.0,0.0076213703223839,stem
127,0.0221019739349134,0.108380201616643,0.0,0.0457282219343037,98.61291060132612,0.0,1.3413611767395777,stem
128,0.0,0.0,0.0,0.0,0.0,100.0,0.0,interior loop & bulge
129,0.0,0.0,0.0,100.0,0.0,0.0,0.0,interior loop & bulge
130,0.004725249599878,0.0255049206183774,0.0,0.2286411096715189,0.0152427406447679,99.75611614968372,0.0,stem
131,0.0012194192515814,0.0079727332969751,0.0,0.0228641109671518,0.0381068516119198,99.93902903742092,0.0,stem
132,0.0039631125676396,0.0224829576905628,0.0,0.0,0.205776998704367,0.0076213703223839,99.78660163097324,stem
133,0.005182531819221,0.0289941373741903,0.0,0.1143205548357594,99.74087340903894,0.0076213703223839,0.1371846658029113,stem
134,0.0006097096257907,0.0043051795348229,0.0,0.0152427406447679,0.0152427406447679,0.0,99.96951451871048,stem
135,0.0,0.0,0.0,0.0,100.0,0.0,0.0,interior loop & bulge
136,0.0279704290831491,0.1194858201614336,0.0,0.1219419251581434,1.3947107689962654,0.0,98.4833473058456,stem
137,0.0001524274064476,0.0011525211584295,0.0,99.99237862967762,0.0,0.0,0.0076213703223839,stem
138,0.000457282219343,0.0040003247219275,0.0,0.0,99.96951451871048,0.0,0.0304854812895358,stem
139,0.0010669918451337,0.006885414705341,0.0,0.0457282219343037,0.0076213703223839,99.9466504077433,0.0,stem
140,0.0,0.0,0.0,0.0,0.0,100.0,0.0,stem
141,0.0001524274064476,0.0011525211584295,0.0,99.99237862967762,0.0,0.0076213703223839,0.0,stem
142,0.0788049691334502,0.3950298323069647,0.0,92.22620227116836,0.0,7.766176358509259,0.0076213703223839,stem
143,0.0001524274064476,0.0011525211584295,0.0,0.0076213703223839,99.99237862967762,0.0,0.0,stem
144,0.0,0.0,0.0,0.0,0.0,100.0,0.0,stem
145,0.0,0.0,0.0,0.0,0.0,100.0,0.0,multiloop
146,0.0611233899855193,0.2491328275217439,0.0,0.6478164774026369,2.972334425729746,0.0,96.37984909686762,multiloop
147,0.0,0.0,0.0,0.0,100.0,0.0,0.0,multiloop
148,0.0100602088255468,0.0519538010799112,0.0,99.44363996646597,0.0304854812895358,0.5182531819221096,0.0076213703223839,multiloop
149,0.0,0.0,0.0,100.0,0.0,0.0,0.0,multiloop
150,0.0001524274064476,0.0011525211584295,0.0,99.99237862967762,0.0,0.0076213703223839,0.0,multiloop
151,0.0021339836902675,0.0120721166997824,0.0,0.1066991845133755,0.0,99.89330081548664,0.0,multiloop
152,0.0,0.0,0.0,100.0,0.0,0.0,0.0,multiloop
153,0.0,0.0,0.0,0.0,0.0,0.0,100.0,multiloop
154,0.0003048548128953,0.002305033936285,0.0,99.98475725935523,0.0076213703223839,0.0076213703223839,0.0,multiloop
155,0.000457282219343,0.0030951507479748,0.0,99.97713588903284,0.0,0.0,0.0228641109671518,multiloop
156,0.0001524274064476,0.0011525211584295,0.0,0.0076213703223839,0.0,99.99237862967762,0.0,multiloop
157,0.0030485481289535,0.0164610272272288,0.0,99.84757259355231,0.0,0.1524274064476793,0.0,stem
158,0.000457282219343,0.0033051109264797,0.0,0.0076213703223839,0.0152427406447679,0.0,99.97713588903284,stem
159,0.0,0.0,0.0,0.0,0.0,0.0,100.0,interior loop & bulge
160,0.0068592332901455,0.0707604176122906,0.0,99.1921347458273,0.0228641109671518,0.7621370322383965,0.0228641109671518,stem
161,0.0,0.0,0.0,100.0,0.0,0.0,0.0,stem
162,0.0001524274064476,0.0011525211584295,0.0,0.0,99.99237862967762,0.0,0.0076213703223839,stem
163,0.3365597134364759,1.0044960361848083,0.0,0.0381068516119198,49.93521835225974,0.0,50.02667479612835,stem
164,0.2828290526636689,0.9499808342120412,0.0,0.0,36.91029647130554,0.0,63.089703528694464,stem
165,0.0,0.0,0.0,0.0,100.0,0.0,0.0,stem
166,0.0003048548128953,0.0021526065298373,0.0,0.0152427406447679,0.0,99.98475725935523,0.0,stem
167,0.0,0.0,0.0,0.0,100.0,0.0,0.0,interior loop & bulge
168,0.0,0.0,0.0,0.0,0.0,0.0,100.0,interior loop & bulge
169,0.0013718466580291,0.0090379038758306,0.0,99.93140766709855,0.0076213703223839,0.0457282219343037,0.0152427406447679,interior loop & bulge
170,0.0007621370322383,0.004877708286364,0.0,0.0,0.0381068516119198,0.0,99.96189314838809,stem
171,0.0,0.0,0.0,0.0,0.0,0.0,100.0,stem
172,0.0094504991997561,0.0454569410849518,0.0,0.0,99.51223229936744,0.0152427406447679,0.4725249599878057,stem
173,0.1882478469628839,0.8199483286229474,0.0,0.0,25.55445469095343,0.0,74.44554530904657,stem
174,0.0,0.0,0.0,0.0,100.0,0.0,0.0,stem
175,0.0088407895739654,0.0432772707620879,0.0,0.4572822193430379,0.0076213703223839,99.53509641033456,0.0,hairpin loop
176,0.000457282219343,0.0033051109264797,0.0,99.97713588903284,0.0152427406447679,0.0076213703223839,0.0,hairpin loop
177,0.0019815562838198,0.012087969187537,0.0,0.0228641109671518,0.0762137032238396,0.0,99.900922185809,hairpin loop
178,0.0086883621675177,0.0449447591076887,0.0,0.0838350735462236,99.55796052130172,0.0152427406447679,0.3429616645072784,hairpin loop
179,0.0,0.0,0.0,100.0,0.0,0.0,0.0,hairpin loop
180,0.0015242740644767,0.0093505088720683,0.0,99.92378629677616,0.0,0.0076213703223839,0.0685923329014556,stem
181,0.0192058532124075,0.0961625252133431,0.0,1.2194192515814344,0.0076213703223839,98.77295937809616,0.0,stem
182,0.0001524274064476,0.0011525211584295,0.0,0.0,0.0,99.99237862967762,0.0076213703223839,stem
183,0.0001524274064476,0.0011525211584295,0.0,0.0076213703223839,0.0,99.99237862967762,0.0,stem
184,0.286106241902294,0.9531450447081652,0.0,37.05510250743084,0.0152427406447679,62.92965475192439,0.0,stem
185,0.000457282219343,0.0030951507479748,0.0,99.97713588903284,0.0,0.0228641109671518,0.0,interior loop & bulge
186,0.0,0.0,0.0,0.0,100.0,0.0,0.0,interior loop & bulge
187,0.0139471076899626,0.073862224847978,0.0,0.0381068516119198,99.17689200518252,0.0533495922566877,0.7316515509488606,interior loop & bulge
188,0.0106699184513375,0.0580675567903786,0.0,0.0,99.3293194116302,0.0,0.6706805883697888,interior loop & bulge
189,0.0,0.0,0.0,0.0,100.0,0.0,0.0,stem
190,0.1609633412087493,0.7361449514849636,0.0,79.27749409343801,0.0,20.722505906562,0.0,stem
191,0.0001524274064476,0.0011525211584295,0.0,0.0,0.0,99.99237862967762,0.0076213703223839,stem
192,0.0,0.0,0.0,0.0,0.0,100.0,0.0,stem
193,0.3463150674491274,1.021161347380921,0.0,46.69613596524655,0.1905342580595991,53.05998018443716,0.0533495922566877,stem
194,0.000914564438686,0.0060301875355341,0.0,0.0,99.95427177806567,0.0076213703223839,0.0381068516119198,stem
195,0.0007621370322383,0.004877708286364,0.0,0.0,99.96189314838809,0.0381068516119198,0.0,stem
196,0.0030485481289535,0.0168975746811057,0.0,0.0076213703223839,99.84757259355231,0.0,0.1448060361252953,interior loop & bulge
197,0.0016767014709244,0.0105510214254961,0.0,0.0914564438686075,0.0,99.9085435561314,0.0,stem
198,0.0,0.0,0.0,0.0,100.0,0.0,0.0,stem
199,0.25188628915479,1.0228078025005347,0.0,1.1965551406142825,33.73218504687143,64.93407514671138,0.1371846658029113,stem
200,0.0,0.0,0.0,0.0,100.0,0.0,0.0,stem
201,0.0010669918451337,0.006885414705341,0.0,0.0457282219343037,99.9466504077433,0.0,0.0076213703223839,stem
202,0.008993216980413,0.0421252535721435,0.0,0.0,0.4572822193430379,0.0,99.54271778065696,stem
203,0.0,0.0,0.0,100.0,0.0,0.0,0.0,interior loop & bulge
204,0.0,0.0,0.0,0.0,0.0,0.0,100.0,stem
205,0.0048776770063257,0.0264940994976001,0.0,0.2515052206386708,0.0076213703223839,99.74087340903894,0.0,stem
206,0.0,0.0,0.0,0.0,0.0,0.0,100.0,stem
207,0.0001524274064476,0.0011525211584295,0.0,0.0,99.99237862967762,0.0,0.0076213703223839,stem
208,0.0,0.0,0.0,0.0,0.0,0.0,100.0,stem
209,0.0,0.0,0.0,100.0,0.0,0.0,0.0,stem
210,0.0,0.0,0.0,0.0,0.0,0.0,100.0,stem
211,0.005182531819221,0.0293975315005656,0.0,0.0609709625790717,0.213398369026751,0.0,99.72563066839416,hairpin loop
212,0.0,0.0,0.0,0.0,0.0,100.0,0.0,hairpin loop
213,0.0,0.0,0.0,0.0,100.0,0.0,0.0,hairpin loop
214,0.0003048548128953,0.0021526065298373,0.0,0.0152427406447679,0.0,99.98475725935523,0.0,hairpin loop
215,0.0006097096257907,0.0044576069412705,0.0,0.0076213703223839,0.0152427406447679,0.0076213703223839,99.96951451871048,hairpin loop
216,0.0003048548128953,0.0021526065298373,0.0,0.0,0.0152427406447679,0.0,99.98475725935523,hairpin loop
217,0.0745370017529151,0.2794560633492994,0.0,4.595686304397531,0.0914564438686075,0.0,95.31285725173386,hairpin loop
218,0.0001524274064476,0.0011525211584295,0.0,99.99237862967762,0.0,0.0076213703223839,0.0,hairpin loop
219,0.0006097096257907,0.0040003247219275,0.0,0.0304854812895358,0.0,99.96951451871048,0.0,stem
220,0.0012194192515814,0.0073908056982098,0.0,0.0,99.93902903742092,0.0,0.0609709625790717,stem
221,0.0,0.0,0.0,0.0,0.0,100.0,0.0,stem
222,0.0,0.0,0.0,100.0,0.0,0.0,0.0,stem
223,0.0120417651093666,0.0586164652854698,0.0,0.6783019586921729,0.0,99.32169804130784,0.0,stem
224,0.0,0.0,0.0,0.0,0.0,0.0,100.0,stem
225,0.0003048548128953,0.0021526065298373,0.0,0.0152427406447679,0.0,99.98475725935523,0.0,stem
226,0.0250743083606432,0.1805853996625206,0.0,97.27154942458654,0.0,2.728450575413459,0.0,interior loop & bulge
227,0.0001524274064476,0.0011525211584295,0.0,0.0076213703223839,0.0,99.99237862967762,0.0,stem
228,0.0,0.0,0.0,0.0,0.0,100.0,0.0,stem
229,0.0019815562838198,0.0113158064038469,0.0,99.900922185809,0.0,0.0990778141909915,0.0,stem
230,0.0003048548128953,0.002305033936285,0.0,0.0,0.0076213703223839,0.0076213703223839,99.98475725935523,stem
231,0.0,0.0,0.0,0.0,100.0,0.0,0.0,stem
232,0.0010669918451337,0.0065697596904736,0.0,0.0533495922566877,0.0,99.9466504077433,0.0,stem
233,0.0,0.0,0.0,0.0,0.0,0.0,100.0,stem
234,0.0,0.0,0.0,100.0,0.0,0.0,0.0,stem
235,0.0070116606965932,0.0348803188709659,0.0,0.3658257754744303,0.0,99.63417422452558,0.0,stem
236,0.0,0.0,0.0,0.0,0.0,0.0,100.0,interior loop & bulge
237,0.0,0.0,0.0,0.0,0.0,100.0,0.0,interior loop & bulge
238,0.0013718466580291,0.0089930699622373,0.0,0.0,99.92378629677616,0.0,0.0762137032238396,interior loop & bulge
239,0.0001524274064476,0.0011525211584295,0.0,99.99237862967762,0.0,0.0,0.0076213703223839,interior loop & bulge
240,0.0015242740644767,0.0097330673667451,0.0,0.0457282219343037,0.0304854812895358,99.92378629677616,0.0,stem
241,0.004725249599878,0.024019349003158,0.0,99.7637375200061,0.0,0.2362624799939028,0.0,stem
242,0.0,0.0,0.0,0.0,0.0,0.0,100.0,stem
243,0.0001524274064476,0.0011525211584295,0.0,0.0,0.0076213703223839,99.99237862967762,0.0,stem
244,0.0260650865025531,0.1241210267487907,0.0,0.1143205548357594,0.7621370322383965,0.5182531819221096,98.60528923100374,stem
245,0.0,0.0,0.0,0.0,100.0,0.0,0.0,stem
246,0.0006097096257907,0.0040003247219275,0.0,0.0304854812895358,99.96951451871048,0.0,0.0,stem
247,0.0041155399740873,0.0218009419656636,0.0,0.0076213703223839,99.79422300129563,0.0,0.198155628381983,stem
248,0.2521911439676854,0.795415230699157,0.0,24.022559256154256,0.0,75.97744074384575,0.0,stem
249,0.0,0.0,0.0,0.0,100.0,0.0,0.0,stem
250,0.0202728450575413,0.0918922073380136,0.0,0.0685923329014556,1.044127734166603,0.0,98.88727993293192,stem
251,0.0,0.0,0.0,0.0,0.0,0.0,100.0,stem
252,0.0,0.0,0.0,100.0,0.0,0.0,0.0,stem
253,0.0124990473287097,0.070399679916412,0.0,99.15402789421536,0.0,0.84597210578462,0.0,multiloop
254,0.0003048548128953,0.002305033936285,0.0,99.98475725935523,0.0076213703223839,0.0076213703223839,0.0,multiloop
255,0.0027436933160582,0.0160719718231738,0.0,99.86281533419708,0.0,0.1066991845133755,0.0304854812895358,multiloop
256,0.0144806036125295,0.0677946849661829,0.0,0.0152427406447679,99.20737748647208,0.0,0.7773797728831644,multiloop
257,0.0010669918451337,0.0065697596904736,0.0,0.0,0.0533495922566877,99.9466504077433,0.0,multiloop
258,0.0001524274064476,0.0011525211584295,0.0,0.0,0.0076213703223839,0.0,99.99237862967762,stem
259,0.0086121484642938,0.0443031038295397,0.0,0.0685923329014556,0.3810685161191982,0.0,99.55033915097935,stem
260,0.0019815562838198,0.0113158064038469,0.0,0.0,0.0990778141909915,0.0,99.900922185809,stem
261,0.0,0.0,0.0,0.0,100.0,0.0,0.0,hairpin loop
262,0.3490587607651856,1.294197006468316,0.0,38.38884231384803,7.308894139166222,0.0914564438686075,54.21080710311714,hairpin loop
263,0.0003048548128953,0.0021526065298373,0.0,99.98475725935523,0.0152427406447679,0.0,0.0,hairpin loop
264,0.0010669918451337,0.0065697596904736,0.0,99.9466504077433,0.0,0.0533495922566877,0.0,hairpin loop
265,0.0053349592256687,0.0266509920411722,0.0,0.0,99.73325203871656,0.0,0.2667479612834388,hairpin loop
266,0.0,0.0,0.0,0.0,0.0,100.0,0.0,stem
267,0.0,0.0,0.0,0.0,0.0,100.0,0.0,stem
268,0.1813123999695145,0.6723900589246558,0.0,17.47580214922643,0.0304854812895358,82.49371236948403,0.0,stem
269,0.0,0.0,0.0,100.0,0.0,0.0,0.0,multiloop
270,0.0,0.0,0.0,100.0,0.0,0.0,0.0,multiloop
271,0.0054111729288926,0.0292321263582867,0.0,0.0,99.70276655742704,0.0,0.2972334425729746,stem
272,0.0,0.0,0.0,0.0,0.0,100.0,0.0,stem
273,0.0003048548128953,0.0021526065298373,0.0,0.0152427406447679,0.0,99.98475725935523,0.0,stem
274,0.3366359271396997,1.0101921375806255,0.0,50.62876305159668,0.0990778141909915,49.27215913421233,0.0,hairpin loop
275,0.0,0.0,0.0,0.0,0.0,100.0,0.0,hairpin loop
276,0.0,0.0,0.0,100.0,0.0,0.0,0.0,hairpin loop
277,0.0557122170566267,0.687230216796983,0.0,0.0,18.32939562533344,0.0,81.67060437466657,hairpin loop
278,0.0001524274064476,0.0011525211584295,0.0,0.0076213703223839,0.0,0.0,99.99237862967762,stem
279,0.0,0.0,0.0,0.0,0.0,0.0,100.0,stem
280,0.2834387622894596,0.9589369407218628,0.0,63.79086959835378,0.1219419251581434,36.064324365520925,0.0228641109671518,stem
281,0.0,0.0,0.0,100.0,0.0,0.0,0.0,multiloop
282,0.0010669918451337,0.0080378771863336,0.0,99.93902903742092,0.0076213703223839,0.0457282219343037,0.0076213703223839,multiloop
283,0.288468866702233,0.9610047480925816,0.0,0.0076213703223839,61.72547824098773,0.0,38.26690038868988,multiloop
284,0.0,0.0,0.0,100.0,0.0,0.0,0.0,multiloop
285,0.0,0.0,0.0,100.0,0.0,0.0,0.0,multiloop
286,0.1187409496227421,0.4996147372728172,0.0,0.0,10.990016004877678,0.0,89.00998399512233,multiloop
287,0.0,0.0,0.0,100.0,0.0,0.0,0.0,multiloop
288,0.0003048548128953,0.0021526065298373,0.0,0.0,99.98475725935523,0.0,0.0152427406447679,stem
289,0.0013718466580291,0.0085432597941544,0.0,0.0609709625790717,0.0076213703223839,99.93140766709855,0.0,stem
290,0.0007621370322383,0.004877708286364,0.0,0.0381068516119198,0.0,99.96189314838809,0.0,stem
291,0.0019815562838198,0.0113158064038469,0.0,99.900922185809,0.0,0.0990778141909915,0.0,stem
292,0.2878591570764423,0.9561373605140282,0.0,0.0,37.73340446612301,0.0,62.26659553387699,stem
293,0.0,0.0,0.0,100.0,0.0,0.0,0.0,stem
294,0.3338922338236414,0.9951344627929704,0.0,54.10410791860376,0.0,45.89589208139624,0.0,stem
295,0.0318573279475649,0.1347902142173442,0.0,98.11752153037116,0.0,1.8824784696288392,0.0,stem
296,0.000457282219343,0.0030951507479748,0.0,0.0,0.0228641109671518,99.97713588903284,0.0,stem
297,0.0003048548128953,0.002305033936285,0.0,0.0,0.0076213703223839,0.0076213703223839,99.98475725935523,stem
298,0.0095267129029799,0.0500712441732394,0.0,99.48174681807788,0.0609709625790717,0.4496608490206539,0.0076213703223839,interior loop & bulge
299,0.0007621370322383,0.004877708286364,0.0,0.0381068516119198,0.0,99.96189314838809,0.0,stem
300,0.0,0.0,0.0,0.0,100.0,0.0,0.0,stem
301,0.076975840256078,0.3902695563947903,0.0,0.0533495922566877,92.52343571374134,0.0228641109671518,7.40035058303483,stem
302,0.0001524274064476,0.0011525211584295,0.0,99.99237862967762,0.0,0.0076213703223839,0.0,interior loop & bulge
303,0.0015242740644767,0.0089930699622373,0.0,99.92378629677616,0.0,0.0762137032238396,0.0,interior loop & bulge
304,0.0213398369026751,0.103128429361549,0.0,98.65101745293804,0.0,1.3489825470619616,0.0,interior loop & bulge
305,0.0274369331605822,0.1158374981282545,0.0,0.0990778141909915,1.3718466580291138,0.0,98.5290755277799,stem
306,0.0001524274064476,0.0011525211584295,0.0,0.0,99.99237862967762,0.0076213703223839,0.0,stem
307,0.3223839646368417,1.1536648542061598,0.0,39.3567563447908,3.292431979269873,57.33556893529457,0.0152427406447679,stem
308,0.0,0.0,0.0,0.0,100.0,0.0,0.0,stem
309,0.0,0.0,0.0,100.0,0.0,0.0,0.0,stem
310,0.2878591570764423,0.9579892543326024,0.0,0.0,62.007468942915935,0.0,37.99253105708406,multiloop
311,0.0611233899855193,0.3617931271113046,0.0,93.13314533953204,0.0,0.0076213703223839,6.859233290145568,multiloop
312,0.2893834311409191,0.9609498429586628,0.0,38.41932779513756,0.0,61.58067220486243,0.0,multiloop
313,0.1070040393262708,0.613613279460879,0.0,15.15128420089932,0.0,84.84871579910069,0.0,multiloop
314,0.0,0.0,0.0,100.0,0.0,0.0,0.0,multiloop
315,0.0,0.0,0.0,100.0,0.0,0.0,0.0,multiloop
316,0.328862129410868,0.9796430585593998,0.0,58.37969666946117,0.0,41.62030333053883,0.0,multiloop
317,0.0010669918451337,0.007095374883846,0.0,0.0304854812895358,0.0228641109671518,0.0,99.9466504077433,stem
318,0.0,0.0,0.0,0.0,100.0,0.0,0.0,stem
319,0.3047023854889109,1.072048032897726,0.0,0.2438838503162868,60.90237024617026,1.3642252877067296,37.48952061580672,stem
320,0.0,0.0,0.0,100.0,0.0,0.0,0.0,hairpin loop
321,0.0,0.0,0.0,100.0,0.0,0.0,0.0,hairpin loop
322,0.2933465437085588,0.959377657015319,0.0,38.19068668546605,0.0,61.80931331453395,0.0,hairpin loop
323,0.0007621370322383,0.0051528123542275,0.0,99.96189314838809,0.0,0.0304854812895358,0.0076213703223839,hairpin loop
324,0.0,0.0,0.0,0.0,0.0,100.0,0.0,hairpin loop
325,0.2852678911668318,0.983191505625754,0.0,42.38244036277723,0.0,57.61755963722277,0.0,hairpin loop
326,0.000457282219343,0.0030951507479748,0.0,0.0228641109671518,0.0,99.97713588903284,0.0,stem
327,0.0001524274064476,0.0011525211584295,0.0,99.99237862967762,0.0,0.0076213703223839,0.0,stem
328,0.292279551863425,0.962286615804541,0.0,38.61748342351955,0.0,61.38251657648045,0.0,stem
329,0.0003048548128953,0.002305033936285,0.0,99.98475725935523,0.0,0.0076213703223839,0.0076213703223839,multiloop
330,0.0,0.0,0.0,0.0,100.0,0.0,0.0,multiloop
331,0.0137184665802911,0.115437751119658,0.0,98.70436704519472,0.632573736757869,0.6097096257907172,0.0533495922566877,multiloop
332,0.0,0.0,0.0,100.0,0.0,0.0,0.0,multiloop
333,0.0003048548128953,0.0021526065298373,0.0,0.0,0.0152427406447679,0.0,99.98475725935523,stem
334,0.179178416279247,0.7461210388983123,0.0,18.733328252419785,0.5334959225668776,80.7026903437238,0.0304854812895358,stem
335,0.0001524274064476,0.0011525211584295,0.0,0.0,99.99237862967762,0.0,0.0076213703223839,stem
336,0.0001524274064476,0.0011525211584295,0.0,0.0,99.99237862967762,0.0,0.0076213703223839,stem
337,0.0192058532124075,0.0827020029412716,0.0,0.0,1.0288849935218352,0.0,98.97111500647816,stem
338,0.0016767014709244,0.0113908621395159,0.0,0.0304854812895358,0.0609709625790717,0.0,99.9085435561314,stem
339,0.0001524274064476,0.0011525211584295,0.0,99.99237862967762,0.0,0.0,0.0076213703223839,stem
340,0.192973096562762,0.7782994931529748,0.0,0.0,76.98346162640043,0.0,23.016538373599573,stem
341,0.0001524274064476,0.0011525211584295,0.0,0.0076213703223839,0.0,99.99237862967762,0.0,stem
342,0.0,0.0,0.0,0.0,0.0,100.0,0.0,stem
343,0.0471000685923329,0.1877068282904311,0.0,2.789421537992531,0.0304854812895358,97.18009298071792,0.0,stem
344,0.0003048548128953,0.0021526065298373,0.0,0.0,0.0152427406447679,99.98475725935523,0.0,stem
345,0.0,0.0,0.0,0.0,0.0,0.0,100.0,stem
346,0.0297995579605213,0.1476967699098047,0.0,0.7697584025607804,1.0288849935218352,0.0,98.2013566039174,stem
347,0.0001524274064476,0.0011525211584295,0.0,99.99237862967762,0.0,0.0,0.0076213703223839,interior loop & bulge
348,0.000914564438686,0.00573294383994,0.0,99.95427177806567,0.0,0.0457282219343037,0.0,stem
349,0.2918984833473058,0.9432158346412608,0.0,63.93567563447908,0.0,36.064324365520925,0.0,stem
350,0.0,0.0,0.0,0.0,0.0,100.0,0.0,stem
351,0.0,0.0,0.0,100.0,0.0,0.0,0.0,stem
352,0.2895358585473668,0.9524285608033491,0.0,62.90679064095725,0.0,37.08558798872037,0.0076213703223839,multiloop
353,0.2892310037344714,0.9607420615644496,0.0,61.61115768615198,0.0,38.38884231384803,0.0,multiloop
354,0.0,0.0,0.0,0.0,100.0,0.0,0.0,multiloop
355,0.2994436399664659,1.070177294605524,0.0,61.61115768615198,0.7926225135279322,36.8340827680817,0.7621370322383965,multiloop
356,0.2840484719152503,0.9528830276715328,0.0,0.0,37.29136498742474,62.70863501257527,0.0,stem
357,0.0,0.0,0.0,0.0,0.0,0.0,100.0,stem
358,0.3387699108299672,1.0561615415858108,0.0,49.91235424129258,49.43982928130478,0.3963112567639661,0.2515052206386708,stem
359,0.0056398140385641,0.0297507319736158,0.0,0.0457282219343037,0.2362624799939028,0.0,99.7180092980718,stem
360,0.0001524274064476,0.0011525211584295,0.0,0.0076213703223839,99.99237862967762,0.0,0.0,interior loop & bulge
361,0.3051596677082539,1.063666478665769,0.0,37.131316210654674,1.6462159896349364,0.0152427406447679,61.20722505906562,stem
362,0.0007621370322383,0.004877708286364,0.0,99.96189314838809,0.0,0.0381068516119198,0.0,stem
363,0.0019815562838198,0.0121980860565299,0.0,0.0685923329014556,0.0,99.900922185809,0.0304854812895358,stem
364,0.2882402255925615,0.9562409321210944,0.0,0.0076213703223839,62.39615882935752,0.0,37.5962198003201,stem
365,0.0,0.0,0.0,0.0,100.0,0.0,0.0,hairpin loop
366,0.0001524274064476,0.0011525211584295,0.0,99.99237862967762,0.0076213703223839,0.0,0.0,hairpin loop
367,0.0277417879734776,0.1260028079798597,0.0,0.0,98.26994893681884,0.0,1.73005106318116,hairpin loop
368,0.0001524274064476,0.0011525211584295,0.0,0.0,99.99237862967762,0.0076213703223839,0.0,hairpin loop
369,0.0001524274064476,0.0011525211584295,0.0,0.0,0.0076213703223839,0.0,99.99237862967762,hairpin loop
370,0.2917460559408582,0.9855073631431296,0.0,38.29738586997942,61.45873027970429,0.1066991845133755,0.1371846658029113,hairpin loop
371,0.2893834311409191,0.960846023111798,0.0,38.4040850544928,0.0,61.5959149455072,0.0,stem
372,0.0003048548128953,0.0021526065298373,0.0,0.0,0.0,0.0152427406447679,99.98475725935523,stem
373,0.0155475954576632,0.0889041707371096,0.0,0.1143205548357594,98.97873637680054,0.0228641109671518,0.88407895739654,stem
374,0.0,0.0,0.0,0.0,0.0,100.0,0.0,stem
375,0.0003048548128953,0.002305033936285,0.0,0.0076213703223839,0.0,99.98475725935523,0.0076213703223839,stem
376,0.0071640881030409,0.0404540849639567,0.0,0.1600487767700632,99.63417422452558,0.0762137032238396,0.1295632954805274,stem
377,0.000914564438686,0.0061528641969499,0.0,0.0152427406447679,0.0304854812895358,99.95427177806567,0.0,stem
378,0.0001524274064476,0.0011525211584295,0.0,0.0,0.0076213703223839,0.0,99.99237862967762,stem
379,0.0178340065543784,0.0816472910363445,0.0,99.03970733937962,0.0304854812895358,0.9069430683636918,0.0228641109671518,multiloop
380,0.0001524274064476,0.0011525211584295,0.0,0.0,0.0076213703223839,0.0,99.99237862967762,multiloop
381,0.0001524274064476,0.0011525211584295,0.0,0.0,99.99237862967762,0.0,0.0076213703223839,multiloop
382,0.0056398140385641,0.0317393230684954,0.0,0.0457282219343037,99.7103879277494,0.0304854812895358,0.213398369026751,stem
383,0.0010669918451337,0.0070302309944875,0.0,0.0381068516119198,0.0152427406447679,99.9466504077433,0.0,stem
384,0.0003048548128953,0.002305033936285,0.0,0.0076213703223839,0.0076213703223839,0.0,99.98475725935523,stem
385,0.1203414373904428,0.5640952854100871,0.0,11.759774407438456,0.434418108375886,0.0152427406447679,87.79056474354088,stem
386,0.0013718466580291,0.0088279436973256,0.0,99.93140766709855,0.0457282219343037,0.0228641109671518,0.0,stem
387,0.0012194192515814,0.0082478373648386,0.0,0.0304854812895358,0.0228641109671518,99.93902903742092,0.0076213703223839,interior loop & bulge
388,0.0184437161801691,0.0834829905685385,0.0,0.0076213703223839,98.98635774712294,0.0152427406447679,0.9907781419099154,stem
389,0.0,0.0,0.0,0.0,100.0,0.0,0.0,stem
390,0.0001524274064476,0.0011525211584295,0.0,0.0076213703223839,0.0,99.99237862967762,0.0,interior loop & bulge
391,0.0704976754820516,0.3886953589366198,0.0,0.0,7.621370322383965,0.0,92.37862967761605,stem
392,0.0003048548128953,0.0021526065298373,0.0,99.98475725935523,0.0152427406447679,0.0,0.0,stem
393,0.0003048548128953,0.002305033936285,0.0,0.0076213703223839,99.98475725935523,0.0,0.0076213703223839,stem
394,0.000914564438686,0.007095374883846,0.0,0.0304854812895358,0.0228641109671518,99.9466504077433,0.0,stem
395,0.0001524274064476,0.0011525211584295,0.0,0.0076213703223839,0.0,99.99237862967762,0.0,stem
396,0.0001524274064476,0.0011525211584295,0.0,0.0,0.0076213703223839,99.99237862967762,0.0,stem
397,0.0904656657266976,0.4973076662967125,0.0,6.866854660467952,1.84437161801692,0.0457282219343037,91.24304549958082,stem
398,0.000914564438686,0.0060301875355341,0.0,0.0381068516119198,0.0076213703223839,0.0,99.95427177806567,stem
399,0.0001524274064476,0.0011525211584295,0.0,0.0076213703223839,99.99237862967762,0.0,0.0,stem
400,0.0053349592256687,0.0304691281388093,0.0,0.1295632954805274,0.1371846658029113,0.0076213703223839,99.72563066839416,stem
401,0.0003048548128953,0.002305033936285,0.0,99.98475725935523,0.0076213703223839,0.0076213703223839,0.0,interior loop & bulge
402,0.0,0.0,0.0,0.0,100.0,0.0,0.0,stem
403,0.0036582577547443,0.0211802845219597,0.0076213703223839,99.81708711226278,0.0457282219343037,0.0,0.1295632954805274,stem
404,0.000457282219343,0.0033051109264797,0.0076213703223839,0.0,99.97713588903284,0.0,0.0152427406447679,stem
405,0.0,0.0,0.0,100.0,0.0,0.0,0.0,hairpin loop
406,0.0056398140385641,0.0305054145873215,0.0,0.0,0.3124761832177425,0.0,99.68752381678226,hairpin loop
407,0.0,0.0,0.0,100.0,0.0,0.0,0.0,hairpin loop
408,0.0027436933160582,0.0150236004248692,0.0,99.86281533419708,0.0,0.1371846658029113,0.0,hairpin loop
409,0.3393034067525341,0.9998567744936312,0.0,0.0152427406447679,52.71701851992988,0.0,47.26773873942535,hairpin loop
410,0.000457282219343,0.0030951507479748,0.0,99.97713588903284,0.0,0.0,0.0228641109671518,hairpin loop
411,0.0007621370322383,0.0051528123542275,0.0,0.0304854812895358,0.0,99.96189314838809,0.0076213703223839,hairpin loop
412,0.1719381144729822,0.5794404458905661,0.0,13.817544394482129,0.0,86.18245560551787,0.0,hairpin loop
413,0.0,0.0,0.0,100.0,0.0,0.0,0.0,stem
414,0.0,0.0,0.0,0.0,100.0,0.0,0.0,stem
415,0.0,0.0,0.0,0.0,0.0,100.0,0.0,stem
416,0.0,0.0,0.0,0.0,0.0,100.0,0.0,stem
417,0.0,0.0,0.0,0.0,0.0,100.0,0.0,stem
418,0.3115616187790564,0.9716543531740246,0.0,39.227193049310266,0.0,60.72707872875544,0.0457282219343037,stem
419,0.2890785763280238,0.959852664251041,0.0,38.2592790183675,0.0,61.7407209816325,0.0,stem
420,0.0001524274064476,0.0011525211584295,0.0,0.0076213703223839,0.0,0.0,99.99237862967762,stem
421,0.2958615959149455,1.0273056251928057,0.0,37.43617102355004,61.65688590808628,0.7926225135279322,0.1143205548357594,interior loop & bulge
422,0.0013718466580291,0.0081980631618108,0.0,0.0685923329014556,0.0,99.93140766709855,0.0,interior loop & bulge
423,0.0001524274064476,0.0011525211584295,0.0,0.0,99.99237862967762,0.0,0.0076213703223839,interior loop & bulge
424,0.3450956481975459,1.0018407161535334,0.0,55.19396387470468,0.0457282219343037,44.7222010517491,0.0381068516119198,interior loop & bulge
425,0.0015242740644767,0.0089930699622373,0.0,99.92378629677616,0.0,0.0762137032238396,0.0,interior loop & bulge
426,0.0007621370322383,0.0054001343950656,0.0,0.0076213703223839,0.0228641109671518,0.0076213703223839,99.96189314838809,stem
427,0.0196631354317506,0.1022544119620905,0.0,0.1752915174148312,1.044127734166603,0.0,98.78058074841856,stem
428,0.0108223458577852,0.0542208338856874,0.0,99.39029037420929,0.0076213703223839,0.6020882554683332,0.0,stem
429,0.0001524274064476,0.0011525211584295,0.0,0.0,0.0076213703223839,0.0,99.99237862967762,interior loop & bulge
430,0.3536315829586159,1.431852602525454,0.0,37.80199679902447,50.369636460635625,0.7087874399817088,11.119579300358204,stem
431,0.0,0.0,0.0,0.0,0.0,100.0,0.0,stem
432,0.0001524274064476,0.0011525211584295,0.0,99.99237862967762,0.0076213703223839,0.0,0.0,stem
433,0.0138708939867388,0.0624943500424401,0.0,99.27596981937351,0.0076213703223839,0.7164088103040926,0.0,stem
434,0.0624952366435485,0.3708897754827926,0.0,0.0,7.133602621751391,92.8663973782486,0.0,interior loop & bulge
435,0.3400655437847725,1.0389109790802895,0.0,0.0,55.28542031857327,0.6173309961131012,44.097248685313616,stem
436,0.3428854508040546,1.285059818591596,0.0,7.354622361100525,37.12369484033229,55.4683332063105,0.0533495922566877,stem
437,0.000914564438686,0.0061902260592831,0.0,0.0228641109671518,0.0228641109671518,99.95427177806567,0.0,stem
438,0.0001524274064476,0.0011525211584295,0.0,0.0,0.0076213703223839,0.0,99.99237862967762,stem
439,0.3053120951147016,1.1227395239616738,0.0,59.4619312552397,38.244036277722735,0.8154866244950842,1.478545842542489,stem
440,0.0117369102964713,0.0569659516457647,0.0,0.0,99.344562152275,0.0,0.6554378477250209,multiloop
441,0.0,0.0,0.0,0.0,100.0,0.0,0.0,multiloop
442,0.1237710540355155,0.5431506792602805,0.0,0.0076213703223839,87.60765185580367,0.0152427406447679,12.369484033229176,multiloop
443,0.0,0.0,0.0,0.0,0.0,100.0,0.0,stem
444,0.0,0.0,0.0,0.0,0.0,100.0,0.0,stem
445,0.2925844066763204,1.009206243695433,0.0,0.7011660696593248,37.12369484033229,0.0152427406447679,62.15989634936362,stem
446,0.0155475954576632,0.0697672521092428,0.0,0.0457282219343037,0.7545156619160125,0.0,99.19975611614969,stem
447,0.0,0.0,0.0,0.0,100.0,0.0,0.0,stem
448,0.3535553692553921,1.2822378591622057,0.0,38.9223382364149,6.988796585626096,54.05075832634708,0.0381068516119198,stem
449,0.0658486395853974,0.3799142182660584,0.0,7.316515509488607,0.0076213703223839,92.66824174986664,0.0076213703223839,stem
450,0.0,0.0,0.0,0.0,100.0,0.0,0.0,stem
451,0.2774940934380001,1.4078047627444985,0.0,26.83484490511394,16.408810304092675,56.69537382821432,0.0609709625790717,stem
452,0.0001524274064476,0.0011525211584295,0.0,0.0,99.99237862967762,0.0,0.0076213703223839,stem
453,0.0,0.0,0.0,0.0,0.0,100.0,0.0,stem
454,0.026141300205777,0.1290999935314458,0.0,0.0,98.21659934456216,0.0,1.7834006554378476,stem
455,0.0,0.0,0.0,0.0,0.0,100.0,0.0,stem
456,0.0,0.0,0.0,0.0,0.0,0.0,100.0,stem
457,0.2904504229860529,0.9743452059065484,0.0,61.53494398292813,0.0533495922566877,0.0685923329014556,38.343114091913726,interior loop & bulge
458,0.0003048548128953,0.002305033936285,0.0,99.98475725935523,0.0076213703223839,0.0,0.0076213703223839,interior loop & bulge
459,0.0015242740644767,0.0097770546639488,0.0,0.0,0.0838350735462236,0.0,99.91616492645376,interior loop & bulge
460,0.3512689581586769,1.3107869757551622,0.0,54.10410791860376,38.03825927901837,0.1829128877372151,7.674719914640653,interior loop & bulge
461,0.0,0.0,0.0,0.0,100.0,0.0,0.0,stem
462,0.0,0.0,0.0,0.0,0.0,100.0,0.0,stem
463,0.0018291288773721,0.0105510214254961,0.0,0.0,99.9085435561314,0.0,0.0914564438686075,interior loop & bulge
464,0.0,0.0,0.0,0.0,0.0,100.0,0.0,stem
465,0.0001524274064476,0.0011525211584295,0.0,99.99237862967762,0.0,0.0076213703223839,0.0,stem
466,0.3338160201204176,0.999669130667773,0.0,51.07080253029495,0.0,48.92919746970505,0.0,stem
467,0.0,0.0,0.0,0.0,0.0,0.0,100.0,stem
468,0.0003048548128953,0.002305033936285,0.0,99.98475725935523,0.0076213703223839,0.0,0.0076213703223839,stem
469,0.0274369331605822,0.1204343990764697,0.0,1.6157305083454006,0.0076213703223839,98.3766481213322,0.0,stem
470,0.0,0.0,0.0,100.0,0.0,0.0,0.0,hairpin loop
471,0.0,0.0,0.0,0.0,100.0,0.0,0.0,hairpin loop
472,0.0041155399740873,0.0264940994976001,0.0,0.0076213703223839,99.74087340903894,0.0,0.2515052206386708,hairpin loop
473,0.0003048548128953,0.0021526065298373,0.0,0.0152427406447679,0.0,99.98475725935523,0.0,hairpin loop
474,0.000457282219343,0.0033051109264797,0.0,0.0076213703223839,0.0152427406447679,0.0,99.97713588903284,stem
475,0.0756039935980489,0.4460226565252858,0.0,1.1050986967456748,92.22620227116836,0.0762137032238396,6.59248532886213,stem
476,0.0,0.0,0.0,0.0,0.0,100.0,0.0,stem
477,0.0,0.0,0.0,100.0,0.0,0.0,0.0,interior loop & bulge
478,0.1307065010288849,0.8543699033398882,0.0,0.0,72.27345476716714,0.0228641109671518,27.70368112186572,stem
479,0.0115844828900236,0.0564132259382348,0.0,0.0,99.35218352259736,0.6478164774026369,0.0,stem
480,0.000457282219343,0.0030951507479748,0.0,0.0,0.0228641109671518,0.0,99.97713588903284,stem
481,0.2970048014633031,1.0278201751462444,0.0,38.26690038868988,0.7773797728831644,0.0685923329014556,60.8871275055255,interior loop & bulge
482,0.0,0.0,0.0,0.0,0.0,0.0,100.0,stem
483,0.0003048548128953,0.002305033936285,0.0,99.98475725935523,0.0076213703223839,0.0,0.0076213703223839,stem
484,0.0237786754058379,0.1056312114727824,0.0,1.3108756954500418,0.0381068516119198,98.65101745293804,0.0,stem
485,0.0,0.0,0.0,0.0,0.0,0.0,100.0,stem
486,0.0,0.0,0.0,100.0,0.0,0.0,0.0,stem
487,0.3382364149074003,0.9944419855035582,0.0,0.0,45.61390137946803,0.0,54.386098620531975,stem
488,0.2900693544699337,0.9614152792925774,0.0,61.51207987196098,0.0,0.0,38.48792012803902,stem
489,0.0626476640499962,0.3737279654616264,0.0,7.103117140461855,0.0,92.8663973782486,0.0304854812895358,multiloop
490,0.0100602088255468,0.0486914846744761,0.0,0.4572822193430379,0.0533495922566877,99.48936818840028,0.0,stem
491,0.0001524274064476,0.0011525211584295,0.0,0.0,99.99237862967762,0.0076213703223839,0.0,stem
492,0.0,0.0,0.0,0.0,0.0,0.0,100.0,stem
493,0.0347534486700708,0.2211789728371256,0.0,0.2743693316058227,96.76091761298682,0.0152427406447679,2.9494703147625945,stem
494,0.0010669918451337,0.006885414705341,0.0,0.0076213703223839,0.0457282219343037,0.0,99.9466504077433,hairpin loop
495,0.0001524274064476,0.0011525211584295,0.0,99.99237862967762,0.0,0.0076213703223839,0.0,hairpin loop
496,0.31560094504992,0.9816917286784544,0.0,0.0,58.1739196707568,0.0076213703223839,41.818458958920814,hairpin loop
497,0.0068592332901455,0.0361088201407727,0.0,99.6189314838808,0.0,0.0,0.3810685161191982,stem
498,0.0001524274064476,0.0011525211584295,0.0,0.0076213703223839,0.0,99.99237862967762,0.0,stem
499,0.2924319792698727,0.9548612361858326,0.0,37.55811294870818,0.0,62.44188705129182,0.0,stem
500,0.0,0.0,0.0,0.0,0.0,0.0,100.0,stem
501,0.0001524274064476,0.0011525211584295,0.0,99.99237862967762,0.0076213703223839,0.0,0.0,multiloop
502,0.3204024083530218,1.001348430829644,0.0,52.43502781800168,0.0152427406447679,47.54210807103117,0.0076213703223839,stem
503,0.0013718466580291,0.0088746762674108,0.0,99.93140766709855,0.0076213703223839,0.0076213703223839,0.0533495922566877,stem
504,0.0,0.0,0.0,0.0,100.0,0.0,0.0,stem
505,0.0012194192515814,0.0085432597941544,0.0,0.0609709625790717,0.0076213703223839,99.93140766709855,0.0,stem
506,0.0024388385031628,0.0142958679419383,0.0,0.1295632954805274,0.0,99.87043670451948,0.0,stem
507,0.2898407133602622,0.9615286733452302,0.0,0.0076213703223839,61.64926453776389,0.0,38.343114091913726,stem
508,0.3511165307522292,1.3335837626946108,0.0,8.276808170108986,36.78073317582501,54.59187561923634,0.3505830348296624,stem
509,0.3359500038106852,0.9969635128064992,0.0,45.46909534334273,0.0228641109671518,54.50804054569012,0.0,stem
510,0.0028961207225059,0.0174357317061774,0.0,0.0457282219343037,0.0914564438686075,0.0076213703223839,99.8551939638747,hairpin loop
511,0.2967761603536316,1.0215683066464956,0.0,61.48921576099383,37.72578309580062,0.1143205548357594,0.6706805883697888,hairpin loop
512,0.0001524274064476,0.0011525211584295,0.0,99.99237862967762,0.0,0.0076213703223839,0.0,hairpin loop
513,0.0115844828900236,0.0686509428985806,0.0,0.0076213703223839,0.7468942915936285,0.0304854812895358,99.21499885679444,hairpin loop
514,0.2950994588827071,1.016142356751608,0.0,61.5959149455072,0.7087874399817088,0.0381068516119198,37.65719076289917,hairpin loop
515,0.0006097096257907,0.0042476467627656,0.0,99.96951451871048,0.0076213703223839,0.0228641109671518,0.0,hairpin loop
516,0.0016767014709244,0.0104857552433899,0.0,0.0609709625790717,0.0228641109671518,0.0,99.91616492645376,stem
517,0.1283438762289459,0.5887788129374478,0.0,12.338998551939635,0.5563600335340294,0.0076213703223839,87.09702004420394,stem
518,0.0001524274064476,0.0011525211584295,0.0,99.99237862967762,0.0,0.0076213703223839,0.0,stem
519,0.0003048548128953,0.0021526065298373,0.0,99.98475725935523,0.0152427406447679,0.0,0.0,interior loop & bulge
520,0.0501486167212864,0.1964401805415108,0.0,0.0,96.9590732413688,0.0,3.040926758631202,interior loop & bulge
521,0.0,0.0,0.0,0.0,0.0,0.0,100.0,stem
522,0.0,0.0,0.0,0.0,0.0,0.0,100.0,stem
523,0.008993216980413,0.0497250275851065,0.0,99.5274750400122,0.0457282219343037,0.2286411096715189,0.198155628381983,stem
524,0.2912125600182912,0.9948665736711994,0.0,0.0304854812895358,56.32954805273989,0.0228641109671518,43.61710235500343,stem
525,0.0001524274064476,0.0011525211584295,0.0076213703223839,0.0,99.99237862967762,0.0,0.0,stem
526,0.0097553540126514,0.0479483821988999,0.0076213703223839,99.48174681807788,0.0,0.5030104412773416,0.0076213703223839,multiloop
527,0.0001524274064476,0.0011525211584295,0.0076213703223839,99.99237862967762,0.0,0.0,0.0,multiloop
528,0.0,0.0,0.0,0.0,100.0,0.0,0.0,multiloop
529,0.2988339303406752,1.0262286309432491,0.0,61.51207987196098,0.9602926606203795,0.0,37.52762746741864,multiloop
530,0.0,0.0,0.0,100.0,0.0,0.0,0.0,stem
531,0.3330538830881792,0.9998967190222006,0.0,49.40172242969286,0.0,50.59827757030714,0.0,stem
532,0.2977669384955415,0.965377948397724,0.0,60.90999161649264,0.0,39.09000838350735,0.0,stem
533,0.0,0.0,0.0,0.0,0.0,0.0,100.0,interior loop & bulge
534,0.0,0.0,0.0,100.0,0.0,0.0,0.0,interior loop & bulge
535,0.0035058303482966,0.0192717061581364,0.0,0.0,99.81708711226278,0.0,0.1829128877372151,interior loop & bulge
536,0.0,0.0,0.0,0.0,0.0,100.0,0.0,stem
537,0.0,0.0,0.0,100.0,0.0,0.0,0.0,stem
538,0.2928892614892157,0.9586330406278508,0.0,38.083987500952674,0.0,61.916012499047326,0.0,stem
539,0.0001524274064476,0.0011525211584295,0.0,99.99237862967762,0.0076213703223839,0.0,0.0,stem
540,0.0,0.0,0.0,100.0,0.0,0.0,0.0,stem
541,0.0117369102964713,0.0569659516457647,0.0,0.0,0.6554378477250209,0.0,99.344562152275,stem
542,0.0003048548128953,0.0021526065298373,0.0,99.98475725935523,0.0,0.0,0.0152427406447679,stem
543,0.0,0.0,0.0,0.0,0.0,100.0,0.0,interior loop & bulge
544,0.0144806036125295,0.070399679916412,0.0,99.15402789421536,0.0,0.84597210578462,0.0,interior loop & bulge
545,0.0,0.0,0.0,100.0,0.0,0.0,0.0,interior loop & bulge
546,0.0,0.0,0.0,0.0,100.0,0.0,0.0,interior loop & bulge
547,0.0,0.0,0.0,0.0,0.0,100.0,0.0,interior loop & bulge
548,0.0001524274064476,0.0011525211584295,0.0,0.0076213703223839,0.0,99.99237862967762,0.0,stem
549,0.0,0.0,0.0,0.0,100.0,0.0,0.0,stem
550,0.3093514213855651,1.0883882537219869,0.0,0.84597210578462,60.64324365520921,37.5962198003201,0.9145644386860758,stem
551,0.3383126286106241,1.0046246575409472,0.0,0.0838350735462236,54.27177806569621,0.0076213703223839,45.63676549043518,stem
552,0.0001524274064476,0.0011525211584295,0.0,0.0,99.99237862967762,0.0,0.0076213703223839,stem
553,0.0246170261413002,0.1033852614791508,0.0,1.318497065772426,0.0152427406447679,98.6662601935828,0.0,stem
554,0.000457282219343,0.0030951507479748,0.0,0.0228641109671518,0.0,99.97713588903284,0.0,stem
555,0.0,0.0,0.0,0.0,0.0,0.0,100.0,stem
556,0.3192592028046643,1.164979995557915,0.0,3.871656123771054,37.09320935904275,0.0304854812895358,59.00464903589665,stem
557,0.0,0.0,0.0,100.0,0.0,0.0,0.0,multiloop
558,0.0,0.0,0.0,0.0,0.0,100.0,0.0,stem
559,0.0121941925158143,0.0553038530311264,0.0,0.0,0.632573736757869,0.0,99.36742626324214,stem
560,0.0,0.0,0.0,100.0,0.0,0.0,0.0,interior loop & bulge
561,0.0015242740644767,0.0093505088720683,0.0,0.0076213703223839,0.0685923329014556,0.0,99.92378629677616,stem
562,0.0183675024769453,0.0825658287014503,0.0,0.0914564438686075,99.05495008002438,0.0152427406447679,0.8383507354622362,stem
563,0.0,0.0,0.0,100.0,0.0,0.0,0.0,stem
564,0.0001524274064476,0.0011525211584295,0.0,0.0076213703223839,0.0,0.0,99.99237862967762,interior loop & bulge
565,0.2998247084825852,1.0086278756154214,0.0,63.09732489901684,0.7773797728831644,36.08718847648807,0.0381068516119198,stem
566,0.0,0.0,0.0,0.0,0.0,100.0,0.0,stem
567,0.0,0.0,0.0,0.0,0.0,0.0,100.0,stem
568,0.2888499352183523,0.9875104430105373,0.0,36.97126743388461,62.62479993902904,0.0381068516119198,0.3658257754744303,hairpin loop
569,0.0,0.0,0.0,100.0,0.0,0.0,0.0,hairpin loop
570,0.0035058303482966,0.0185764448324678,0.0,99.82470848258517,0.0,0.1752915174148312,0.0,hairpin loop
571,0.0379544242054721,0.1617522331100514,0.0,2.3702461702614133,0.0,97.6297538297386,0.0,hairpin loop
572,0.0,0.0,0.0,0.0,0.0,100.0,0.0,stem
573,0.000914564438686,0.00573294383994,0.0,0.0,0.0457282219343037,0.0,99.95427177806567,stem
574,0.00853593476107,0.044031422013194,0.0,0.0609709625790717,99.5732032619465,0.0381068516119198,0.3277189238625104,stem
575,0.0001524274064476,0.0011525211584295,0.0,99.99237862967762,0.0,0.0076213703223839,0.0,interior loop & bulge
576,0.0,0.0,0.0,0.0,100.0,0.0,0.0,stem
577,0.0007621370322383,0.00573294383994,0.0,0.0457282219343037,0.0,99.95427177806567,0.0,stem
578,0.0,0.0,0.0,0.0,0.0,100.0,0.0,stem
579,0.0003048548128953,0.002305033936285,0.0,99.98475725935523,0.0076213703223839,0.0076213703223839,0.0,interior loop & bulge
580,0.2889261489215761,0.9551959591135512,0.0,37.60384117064248,0.0,62.39615882935752,0.0,stem
581,0.0001524274064476,0.0011525211584295,0.0,0.0076213703223839,0.0,0.0,99.99237862967762,stem
582,0.0001524274064476,0.0011525211584295,0.0,99.99237862967762,0.0076213703223839,0.0,0.0,multiloop
583,0.2962426644310647,0.9897303179272244,0.0,60.704214617788274,0.2667479612834388,39.02903742092828,0.0,multiloop
584,0.2006706805883698,0.7347567626197995,0.0,79.39943601859615,0.0076213703223839,20.592942611081472,0.0,multiloop
585,0.0001524274064476,0.0011525211584295,0.0,0.0,99.99237862967762,0.0076213703223839,0.0,stem
586,0.0018291288773721,0.0127034267295174,0.0,0.0914564438686075,0.0152427406447679,99.89330081548664,0.0,stem
587,0.0001524274064476,0.0011525211584295,0.0,0.0,0.0076213703223839,99.99237862967762,0.0,interior loop & bulge
588,0.0001524274064476,0.0011525211584295,0.0,0.0076213703223839,0.0,0.0,99.99237862967762,stem
589,0.018519929883393,0.1060761253159593,0.0,0.1829128877372151,98.84155171099763,0.7468942915936285,0.2286411096715189,stem
590,0.0001524274064476,0.0011525211584295,0.0,0.0076213703223839,0.0,99.99237862967762,0.0,stem
591,0.000457282219343,0.0030951507479748,0.0,0.0228641109671518,0.0,99.97713588903284,0.0,interior loop & bulge
592,0.0321621827604603,0.1491091099522712,0.0,97.92698727231156,0.0304854812895358,2.0272845057541344,0.0152427406447679,interior loop & bulge
593,0.0006097096257907,0.0044576069412705,0.0,0.0152427406447679,99.96951451871048,0.0076213703223839,0.0076213703223839,stem
594,0.000914564438686,0.00573294383994,0.0,0.0,0.0457282219343037,0.0,99.95427177806567,stem
595,0.3341970886365368,0.9941687004684036,0.0,56.84017986433961,0.0609709625790717,43.09122780275894,0.0076213703223839,hairpin loop
596,0.0001524274064476,0.0011525211584295,0.0,99.99237862967762,0.0,0.0076213703223839,0.0,hairpin loop
597,0.0028961207225059,0.0161759706351477,0.0,0.1371846658029113,0.0076213703223839,99.8551939638747,0.0,hairpin loop
598,0.0559408581662983,0.3067506362744704,0.0,0.0,94.51261336788356,0.0,5.487386632116455,hairpin loop
599,0.0,0.0,0.0,0.0,0.0,100.0,0.0,stem
600,0.0001524274064476,0.0011525211584295,0.0,99.99237862967762,0.0,0.0076213703223839,0.0,stem
601,0.322688819449737,1.001724247822846,0.0,47.99939029037421,0.0228641109671518,51.97774559865864,0.0,interior loop & bulge
602,0.000914564438686,0.00573294383994,0.0,0.0457282219343037,0.0,0.0,99.95427177806567,stem
603,0.0006097096257907,0.0040003247219275,0.0,99.96951451871048,0.0,0.0304854812895358,0.0,stem
604,0.0865787668622818,0.4264612958741604,0.0,8.535934761070042,0.0457282219343037,91.41833701699564,0.0,stem
605,0.000457282219343,0.0033051109264797,0.0,0.0152427406447679,0.0076213703223839,99.97713588903284,0.0,interior loop & bulge
606,0.0003048548128953,0.0021526065298373,0.0,0.0,0.0152427406447679,0.0,99.98475725935523,stem
607,0.0025912659096105,0.0186041681148323,0.0,99.84757259355231,0.0457282219343037,0.0838350735462236,0.0228641109671518,stem
608,0.0015242740644767,0.0097330673667451,0.0,0.0304854812895358,0.0457282219343037,99.92378629677616,0.0,multiloop
609,0.0021339836902675,0.0138703590121719,0.0,0.0381068516119198,0.0762137032238396,0.0,99.88567944516424,multiloop
610,0.2897644996570383,1.193732175552526,0.0,26.789116683179635,7.636613063028733,65.55902751314686,0.0152427406447679,stem
611,0.0001524274064476,0.0011525211584295,0.0,0.0076213703223839,0.0,99.99237862967762,0.0,stem
612,0.0001524274064476,0.0011525211584295,0.0,99.99237862967762,0.0,0.0076213703223839,0.0,stem
613,0.0381830653151436,0.1674852664877747,0.0,2.355003429616645,0.0533495922566877,97.59164697812666,0.0,stem
614,0.0,0.0,0.0,0.0,0.0,100.0,0.0,stem
615,0.0,0.0,0.0,0.0,0.0,0.0,100.0,stem
616,0.022330615044585,0.1021355727084627,0.0,0.9602926606203795,0.2362624799939028,0.0,98.80344485938572,stem
617,0.0007621370322383,0.0051528123542275,0.0,99.96189314838809,0.0076213703223839,0.0304854812895358,0.0,stem
618,0.0,0.0,0.0,0.0,100.0,0.0,0.0,interior loop & bulge
619,0.0039631125676396,0.0214239100520409,0.0,0.1829128877372151,0.0152427406447679,99.80184437161802,0.0,stem
620,0.0013718466580291,0.0081980631618108,0.0,0.0685923329014556,0.0,99.93140766709855,0.0,stem
621,0.0,0.0,0.0,100.0,0.0,0.0,0.0,stem
622,0.0667632040240835,0.3153420389675104,0.0,5.51787211340599,0.0609709625790717,94.42115692401494,0.0,stem
623,0.3373980641719381,0.9940484218979192,0.0,54.53852602697965,0.0,45.46147397302035,0.0,stem
624,0.0,0.0,0.0,0.0,100.0,0.0,0.0,stem
625,0.0810913802301653,0.3495375326241351,0.0,4.351802454081244,94.47450651627165,0.0,1.1736910296471306,stem
626,0.0001524274064476,0.0011525211584295,0.0,0.0,0.0076213703223839,99.99237862967762,0.0,stem
627,0.0003048548128953,0.0021526065298373,0.0,0.0,0.0152427406447679,0.0,99.98475725935523,stem
628,0.0262937276122246,0.1219626111781631,0.0,0.640195107080253,98.5748037497142,0.0,0.7850011432055484,stem
629,0.0007621370322383,0.004877708286364,0.0,99.96189314838809,0.0,0.0381068516119198,0.0,interior loop & bulge
630,0.2938800396311257,0.9626825770448452,0.0,38.2135507964332,0.0076213703223839,61.76358509259965,0.0152427406447679,interior loop & bulge
631,0.0124990473287097,0.0575650324576445,0.0,0.0,99.344562152275,0.0076213703223839,0.6478164774026369,interior loop & bulge
632,0.1646978126667174,0.6477464235716806,0.0,16.568859080862737,0.0,0.0,83.43114091913726,interior loop & bulge
633,0.0019815562838198,0.0117034419748538,0.0,99.900922185809,0.0,0.0914564438686075,0.0076213703223839,stem
634,0.0278180016767014,0.1175813516545888,0.0,1.531895434799177,0.0152427406447679,98.44524045423368,0.0076213703223839,stem
635,0.2822193430378782,0.9512688604999386,0.0,37.07796661839799,0.0,62.92203338160201,0.0,stem
636,0.0001524274064476,0.0011525211584295,0.0,0.0,0.0076213703223839,0.0,99.99237862967762,stem
637,0.2914412011279628,0.9744813215485396,0.0,0.1143205548357594,38.48029875771664,0.0076213703223839,61.39775931712522,stem
638,0.0003048548128953,0.0021526065298373,0.0,99.98475725935523,0.0,0.0,0.0152427406447679,stem
639,0.0039631125676396,0.0218809769698061,0.0,0.1752915174148312,0.0152427406447679,99.80184437161802,0.0076213703223839,stem
640,0.0307903361024312,0.118831597325075,0.0,1.6081091380230166,0.0,98.391890861977,0.0,interior loop & bulge
641,0.0019815562838198,0.0117034419748538,0.0,0.0914564438686075,0.0,0.0076213703223839,99.900922185809,interior loop & bulge
642,0.0103650636384421,0.0759631416117668,0.0,99.1006783019587,0.0304854812895358,0.868836216751772,0.0,interior loop & bulge
643,0.0570840637146558,0.4503273875337877,0.0,9.221858090084597,0.0533495922566877,90.72479231765872,0.0,interior loop & bulge
644,0.0001524274064476,0.0011525211584295,0.0,99.99237862967762,0.0,0.0076213703223839,0.0,interior loop & bulge
645,0.0001524274064476,0.0011525211584295,0.0,0.0,99.99237862967762,0.0,0.0076213703223839,stem
646,0.0003048548128953,0.0021526065298373,0.0,0.0152427406447679,0.0,99.98475725935523,0.0,stem
647,0.0016767014709244,0.0097770546639488,0.0,0.0838350735462236,0.0,99.91616492645376,0.0,stem
648,0.0001524274064476,0.0011525211584295,0.0,0.0076213703223839,99.99237862967762,0.0,0.0,interior loop & bulge
649,0.2852678911668318,0.9591119262165262,0.0,36.99413154485177,0.0762137032238396,62.92965475192439,0.0,stem
650,0.0016767014709244,0.0106104006228122,0.0,0.0457282219343037,0.0381068516119198,0.0,99.91616492645376,stem
651,0.0,0.0,0.0,100.0,0.0,0.0,0.0,stem
652,0.2887737215151284,0.9968965650979508,0.0,0.4572822193430379,36.82646139775932,62.640042679673805,0.0762137032238396,stem
653,0.0003048548128953,0.0021526065298373,0.0,0.0152427406447679,0.0,99.98475725935523,0.0,stem
654,0.0001524274064476,0.0011525211584295,0.0,0.0,0.0076213703223839,0.0,99.99237862967762,interior loop & bulge
655,0.0191296395091837,0.0972981730239955,0.0,98.93300815486624,0.6554378477250209,0.3734471457968142,0.0381068516119198,interior loop & bulge
656,0.0,0.0,0.0,100.0,0.0,0.0,0.0,stem
657,0.0,0.0,0.0,0.0,100.0,0.0,0.0,stem
658,0.0001524274064476,0.0011525211584295,0.0,0.0076213703223839,0.0,99.99237862967762,0.0,stem
659,0.0,0.0,0.0,100.0,0.0,0.0,0.0,stem
660,0.0003048548128953,0.0021526065298373,0.0,0.0152427406447679,0.0,99.98475725935523,0.0,stem
661,0.0233213931864949,0.1369581208926323,0.0,98.07941467875924,0.0,1.920585321240759,0.0,interior loop & bulge
662,0.3140766709854432,0.9913978778847284,0.0,42.02423595762518,0.0914564438686075,57.88430759850621,0.0,interior loop & bulge
663,0.0006097096257907,0.0042476467627656,0.0,0.0,0.0228641109671518,0.0076213703223839,99.96951451871048,stem
664,0.2986815029342275,1.0509439927861244,0.0,1.516652694154409,36.46825699260727,0.0076213703223839,62.007468942915935,stem
665,0.0411553997408734,0.3446713663125045,0.0,93.55994207758556,0.0,6.440057922414451,0.0,hairpin loop
666,0.0,0.0,0.0,0.0,100.0,0.0,0.0,hairpin loop
667,0.0077737977288316,0.0385396645162071,0.0,0.0,99.58844600259128,0.0,0.4115539974087341,hairpin loop
668,0.0,0.0,0.0,0.0,0.0,100.0,0.0,stem
669,0.0,0.0,0.0,0.0,0.0,100.0,0.0,stem
670,0.0613520310951909,0.2648877333116058,0.0,4.184132306988796,0.1295632954805274,95.68630439753068,0.0,interior loop & bulge
671,0.0001524274064476,0.0011525211584295,0.0,99.99237862967762,0.0,0.0076213703223839,0.0,interior loop & bulge
672,0.0,0.0,0.0,0.0,0.0,0.0,100.0,stem
673,0.0150903132383202,0.0719668679555727,0.0,0.1600487767700632,99.2378629677616,0.0304854812895358,0.5716027741787973,stem
674,0.0019815562838198,0.0120721166997824,0.0,0.1066991845133755,0.0,0.0,99.89330081548664,stem
675,0.0003048548128953,0.0021526065298373,0.0,99.98475725935523,0.0,0.0152427406447679,0.0,stem
676,0.0216446917155704,0.0947029955086845,0.0,0.0,98.8110662297081,0.0228641109671518,1.1660696593247466,stem
677,0.0001524274064476,0.0011525211584295,0.0,0.0076213703223839,0.0,0.0,99.99237862967762,stem
678,0.0001524274064476,0.0011525211584295,0.0,0.0076213703223839,0.0,0.0,99.99237862967762,stem
679,0.00853593476107,0.0529775409727657,0.0,0.0152427406447679,99.42077585549882,0.0076213703223839,0.5563600335340294,stem
680,0.0,0.0,0.0,100.0,0.0,0.0,0.0,interior loop & bulge
681,0.0234738205929426,0.1110632456334578,0.0,1.478545842542489,0.0,98.52145415745753,0.0,stem
682,0.3284810608947489,1.000937503935713,0.0,0.0076213703223839,49.30264461550187,0.0,50.68973401417575,stem
683,0.0001524274064476,0.0011525211584295,0.0,0.0076213703223839,99.99237862967762,0.0,0.0,interior loop & bulge
684,0.0,0.0,0.0,0.0,0.0,0.0,100.0,stem
685,0.0714884536239615,0.4068683010319498,0.0,0.0457282219343037,7.971953357213627,0.0,91.98231842085208,stem
686,0.0,0.0,0.0,100.0,0.0,0.0,0.0,stem
687,0.0,0.0,0.0,0.0,0.0,100.0,0.0,interior loop & bulge
688,0.1358128191448822,0.5355680740284784,0.0,0.0,87.7829433732185,0.0,12.217056626781496,interior loop & bulge
689,0.2912887737215151,0.9616885648850308,0.0,61.75596372227727,0.0152427406447679,38.22879353707796,0.0,interior loop & bulge
690,0.0015242740644767,0.0096957055044119,0.0,0.0609709625790717,0.0076213703223839,0.0076213703223839,99.92378629677616,stem
691,0.0215684780123466,0.1047218320041514,0.0,0.7240301806264766,98.84155171099763,0.0609709625790717,0.3734471457968142,stem
692,0.0,0.0,0.0,0.0,0.0,100.0,0.0,stem
693,0.0,0.0,0.0,0.0,0.0,100.0,0.0,stem
694,0.0038106851611919,0.0238501851742008,0.0,0.0228641109671518,99.79422300129563,0.0457282219343037,0.1371846658029113,stem
695,0.0260650865025531,0.1135966782782472,0.0,0.0076213703223839,1.501409953509641,0.0,98.49096867616798,stem
696,0.0,0.0,0.0,0.0,100.0,0.0,0.0,stem
697,0.3223077509336178,0.981378711054776,0.0,58.95892081396234,0.0304854812895358,41.00297233442573,0.0076213703223839,interior loop & bulge
698,0.0,0.0,0.0,100.0,0.0,0.0,0.0,interior loop & bulge
699,0.147321088331682,0.8071145911669453,0.0,24.73896806645835,0.0,75.26103193354166,0.0,interior loop & bulge
700,0.0163097324899016,0.0730064264543601,0.0,99.11592104260346,0.0,0.88407895739654,0.0,stem
701,0.0634098010822345,0.3720174757455153,0.0,7.164088103040927,0.0,92.83591189695908,0.0,stem
702,0.000457282219343,0.0030951507479748,0.0,99.97713588903284,0.0,0.0228641109671518,0.0,interior loop & bulge
703,0.0028961207225059,0.0161759706351477,0.0,0.0076213703223839,99.8551939638747,0.0,0.1371846658029113,stem
704,0.0120417651093666,0.0688237121404417,0.0,0.8231079948174682,0.0,99.17689200518252,0.0,stem
705,0.000457282219343,0.0030951507479748,0.0,99.97713588903284,0.0,0.0,0.0228641109671518,stem
706,0.2855727459797271,0.946012118504538,0.0,0.0,63.59271396997181,0.0,36.4072860300282,stem
707,0.0003048548128953,0.0021526065298373,0.0,0.0,0.0152427406447679,0.0,99.98475725935523,stem
708,0.0,0.0,0.0,0.0,100.0,0.0,0.0,stem
709,0.0631049462693392,0.3635100287123263,0.0,0.0,93.0645530066306,0.0,6.935446993369408,stem
710,0.0112796280771282,0.0558990064815579,0.0,0.6249523664354851,0.0076213703223839,0.0,99.36742626324214,stem
711,0.0,0.0,0.0,0.0,100.0,0.0,0.0,interior loop & bulge
712,0.0033534029418489,0.0185764448324678,0.0,0.0,99.82470848258517,0.0,0.1752915174148312,stem
713,0.0019815562838198,0.0113158064038469,0.0,0.0990778141909915,0.0,99.900922185809,0.0,stem
714,0.0036582577547443,0.0225762131076772,0.0,99.79422300129563,0.0076213703223839,0.0152427406447679,0.1829128877372151,multiloop
715,0.0140233213931864,0.0681843430339248,0.0,99.23024159743922,0.7087874399817088,0.0,0.0609709625790717,multiloop
716,0.0001524274064476,0.0011525211584295,0.0,99.99237862967762,0.0,0.0,0.0076213703223839,multiloop
717,0.0006097096257907,0.0044576069412705,0.0,99.96951451871048,0.0152427406447679,0.0076213703223839,0.0076213703223839,stem
718,0.0036582577547443,0.021847879622885,0.0,0.0838350735462236,99.8094657419404,0.0,0.1066991845133755,stem
719,0.0007621370322383,0.004877708286364,0.0,0.0,99.96189314838809,0.0,0.0381068516119198,stem
720,0.0001524274064476,0.0011525211584295,0.0,0.0,99.99237862967762,0.0076213703223839,0.0,stem
721,0.0887889642557731,0.3903875600395948,0.0,7.636613063028733,0.0076213703223839,92.35576556664888,0.0,stem
722,0.0,0.0,0.0,0.0,0.0,0.0,100.0,stem
723,0.0,0.0,0.0,100.0,0.0,0.0,0.0,stem
724,0.0,0.0,0.0,0.0,0.0,100.0,0.0,interior loop & bulge
725,0.3380839875009527,0.9948964267641104,0.0,54.20318573279476,0.0,45.79681426720524,0.0,interior loop & bulge
726,0.0024388385031628,0.0152929097876127,0.0,0.0228641109671518,0.0685923329014556,0.0304854812895358,99.87805807484186,stem
727,0.0379544242054721,0.1596427070363326,0.0,1.7529151741483118,0.3353402941848944,0.0,97.91174453166678,stem
728,0.0,0.0,0.0,0.0,100.0,0.0,0.0,stem
729,0.000457282219343,0.0030951507479748,0.0,99.97713588903284,0.0228641109671518,0.0,0.0,stem
730,0.2966999466504077,0.9651825966115608,0.0,0.0,60.940477097782185,0.0,39.05952290221782,stem
731,0.0,0.0,0.0,0.0,0.0,0.0,100.0,hairpin loop
732,0.0,0.0,0.0,100.0,0.0,0.0,0.0,hairpin loop
733,0.0263699413154485,0.1108264018094406,0.0,1.4556817315753372,0.0,98.53669689810228,0.0076213703223839,hairpin loop
734,0.0001524274064476,0.0011525211584295,0.0,99.99237862967762,0.0,0.0,0.0076213703223839,hairpin loop
735,0.0012194192515814,0.0079727332969751,0.0,99.93902903742092,0.0,0.0381068516119198,0.0228641109671518,hairpin loop
736,0.2877829433732185,0.997873530246654,0.0,63.18878134288545,0.0381068516119198,36.1710235500343,0.6020882554683332,hairpin loop
737,0.0050301044127734,0.0259980450304343,0.0,0.2591265909610548,0.0,0.0,99.74087340903894,hairpin loop
738,0.000457282219343,0.0030951507479748,0.0,0.0228641109671518,0.0,99.97713588903284,0.0,hairpin loop
739,0.0422223915860071,0.1603579014441163,0.0,97.68310342199528,0.0076213703223839,2.3016538373599573,0.0076213703223839,hairpin loop
740,0.0003048548128953,0.002305033936285,0.0,99.98475725935523,0.0076213703223839,0.0,0.0076213703223839,stem
741,0.0003048548128953,0.002305033936285,0.0,0.0076213703223839,99.98475725935523,0.0076213703223839,0.0,stem
742,0.0,0.0,0.0,0.0,0.0,100.0,0.0,stem
743,0.0,0.0,0.0,0.0,0.0,100.0,0.0,stem
744,0.0,0.0,0.0,0.0,0.0,100.0,0.0,stem
745,0.3123999695145187,0.9868947675916108,0.0,41.42976907247923,0.0533495922566877,58.50163859461931,0.0152427406447679,interior loop & bulge
746,0.0012194192515814,0.007885449779886,0.0,0.0457282219343037,0.0152427406447679,99.93902903742092,0.0,interior loop & bulge
747,0.0,0.0,0.0,0.0,100.0,0.0,0.0,stem
748,0.005182531819221,0.0279475223171909,0.0,0.2819907019282067,0.0,99.7180092980718,0.0,stem
749,0.0,0.0,0.0,0.0,0.0,0.0,100.0,stem
750,0.0,0.0,0.0,100.0,0.0,0.0,0.0,stem
751,0.0230927520768234,0.1019118291985421,0.0,1.3108756954500418,0.0,98.68150293422757,0.0076213703223839,stem
752,0.0116606965932474,0.0613636099785839,0.0,99.35218352259736,0.0381068516119198,0.0609709625790717,0.5487386632116454,stem
753,0.0,0.0,0.0,0.0,100.0,0.0,0.0,stem
754,0.0030485481289535,0.0175614434986827,0.0,0.1219419251581434,0.0304854812895358,99.84757259355231,0.0,stem
755,0.0,0.0,0.0,0.0,0.0,0.0,100.0,stem
756,0.0012194192515814,0.0077222221714662,0.0,99.93902903742092,0.0,0.0533495922566877,0.0076213703223839,stem
757,0.2973858699794223,0.984044942373998,0.0,61.48159439067145,0.2591265909610548,38.2592790183675,0.0,stem
758,0.0016767014709244,0.0097770546639488,0.0,0.0838350735462236,0.0,0.0,99.91616492645376,stem
759,0.0,0.0,0.0,0.0,0.0,100.0,0.0,stem
760,0.2240682874780885,0.8038345781560388,0.0,78.69064857861443,0.9602926606203795,20.349058760765185,0.0,stem
761,0.0003048548128953,0.0021526065298373,0.0,0.0,99.98475725935523,0.0,0.0152427406447679,interior loop & bulge
762,0.0,0.0,0.0,0.0,100.0,0.0,0.0,interior loop & bulge
763,0.0010669918451337,0.0073908056982098,0.0,0.0,0.0609709625790717,0.0,99.93902903742092,stem
764,0.0,0.0,0.0,100.0,0.0,0.0,0.0,stem
765,0.0012194192515814,0.0077222221714662,0.0,99.93902903742092,0.0076213703223839,0.0533495922566877,0.0,stem
766,0.0880268272235347,0.3525656929491969,0.0,6.6458349211188175,0.0,93.35416507888118,0.0,stem
767,0.0,0.0,0.0,0.0,100.0,0.0,0.0,stem
768,0.00853593476107,0.0438927500888156,0.0,0.4801463303101898,0.0,99.5198536696898,0.0,stem
769,0.0,0.0,0.0,100.0,0.0,0.0,0.0,hairpin loop
770,0.3389223382364149,1.036594794901491,0.0,0.1600487767700632,50.16385946193126,0.2286411096715189,49.447450651627165,hairpin loop
771,0.0057922414450118,0.0335343503698773,0.0,0.0457282219343037,0.2667479612834388,0.0076213703223839,99.67990244645988,hairpin loop
772,0.0425272463989025,0.1707540780238719,0.0,0.0609709625790717,2.400731651550949,0.0,97.53829738586998,stem
773,0.3482204100297233,1.0558739786470472,0.0,0.426796738053502,45.62152274979041,53.66968981022788,0.2819907019282067,stem
774,0.0074689429159362,0.0412746691442134,0.0,0.1829128877372151,0.213398369026751,0.0,99.60368874323603,stem
775,0.0,0.0,0.0,0.0,100.0,0.0,0.0,stem
776,0.2887737215151284,0.9855064007477492,0.0,0.3505830348296624,62.17513909000838,0.0,37.47427787516195,stem
777,0.0596753296242664,0.2494458374533688,0.0,3.8945202347382057,0.1066991845133755,95.99878058074842,0.0,stem
778,0.0141757487996341,0.0724424476320942,0.0,0.0,99.146406523893,0.0228641109671518,0.8307293651398522,stem
779,0.2835911896959073,0.9634399142872436,0.0,0.0685923329014556,62.7391204938648,0.0304854812895358,37.16180169194421,stem
780,0.2912887737215151,0.9701386933379906,0.0,37.48189924548434,0.1143205548357594,62.37329471839037,0.0304854812895358,stem
781,0.0068592332901455,0.0344420427258385,0.0,0.0152427406447679,99.65703833549271,0.0076213703223839,0.3200975535401265,stem
782,0.0064019510708025,0.0339962773567601,0.0,0.0304854812895358,99.67990244645988,0.0304854812895358,0.2591265909610548,stem
783,0.0039631125676396,0.0216710167913011,0.0,0.1752915174148312,0.0228641109671518,99.80184437161802,0.0,stem
784,0.0019815562838198,0.0113158064038469,0.0,0.0,0.0990778141909915,0.0,99.900922185809,stem
785,0.3165917231918299,1.243734232282518,0.0,37.73340446612301,5.92180474049234,0.0457282219343037,56.29906257145034,stem
786,0.0016767014709244,0.0105698496758082,0.0,0.0533495922566877,0.0304854812895358,99.91616492645376,0.0,stem
787,0.0010669918451337,0.0065697596904736,0.0,0.0,0.0533495922566877,0.0,99.9466504077433,stem
788,0.3453242893072174,1.0565825067706511,0.0,45.13375504915784,0.7164088103040926,54.07362243731423,0.0762137032238396,interior loop & bulge
789,0.0019815562838198,0.0113158064038469,0.0,99.900922185809,0.0,0.0990778141909915,0.0,stem
790,0.0653151436628305,0.5968464799401553,0.0,85.54988186876,0.0076213703223839,14.442496760917614,0.0,stem
791,0.220028961207225,0.7671168666866617,0.0,0.0,77.6160353631583,0.0,22.383964636841704,stem
792,0.0077737977288316,0.0388714869456634,0.0,99.59606737291364,0.0152427406447679,0.3886898864415822,0.0,stem
793,0.0010669918451337,0.007095374883846,0.0,0.0,99.9466504077433,0.0228641109671518,0.0304854812895358,stem
794,0.0756039935980489,0.428303046453407,0.0,6.889718771435104,0.7850011432055484,0.0076213703223839,92.31765871503696,stem
795,0.0053349592256687,0.039087194508203,0.0,99.58844600259128,0.0,0.4039326270863501,0.0076213703223839,stem
796,0.0003048548128953,0.0021526065298373,0.0,0.0,99.98475725935523,0.0,0.0152427406447679,interior loop & bulge
797,0.0032009755354012,0.018438692856282,0.0,0.0381068516119198,99.83995122322996,0.0,0.1219419251581434,stem
798,0.0,0.0,0.0,0.0,0.0,100.0,0.0,stem
799,0.0003048548128953,0.0021526065298373,0.0,0.0152427406447679,0.0,99.98475725935523,0.0,hairpin loop
800,0.0361252953280999,0.1443492760246341,0.0,1.996799024464599,0.0228641109671518,97.98033686456826,0.0,hairpin loop
801,0.0010669918451337,0.006885414705341,0.0,99.9466504077433,0.0076213703223839,0.0457282219343037,0.0,hairpin loop
802,0.0001524274064476,0.0011525211584295,0.0,0.0,99.99237862967762,0.0,0.0076213703223839,hairpin loop
803,0.0881030409267586,0.4660473929960437,0.0,1.0365063638442191,7.4918070269034365,0.0,91.47168660925234,hairpin loop
804,0.0650102888499352,0.3886490513272971,0.0,0.0762137032238396,92.76731956405762,7.049767548205168,0.1066991845133755,hairpin loop
805,0.0,0.0,0.0,0.0,100.0,0.0,0.0,hairpin loop
806,0.0003048548128953,0.0021526065298373,0.0,0.0152427406447679,0.0,99.98475725935523,0.0,hairpin loop
807,0.0003048548128953,0.0021526065298373,0.0,0.0,0.0152427406447679,0.0,99.98475725935523,stem
808,0.0003048548128953,0.0021526065298373,0.0,99.98475725935523,0.0,0.0,0.0152427406447679,stem
809,0.0,0.0,0.0,0.0,0.0,0.0,100.0,interior loop & bulge
810,0.3096562761984605,0.9671550599415624,0.0,0.0,60.79567106165689,0.0076213703223839,39.19670756802073,interior loop & bulge
811,0.0,0.0,0.0,0.0,100.0,0.0,0.0,stem
812,0.0010669918451337,0.0073908056982098,0.0,0.0609709625790717,0.0,99.93902903742092,0.0,stem
813,0.0041155399740873,0.0225762131076772,0.0,99.79422300129563,0.0076213703223839,0.1829128877372151,0.0152427406447679,stem
814,0.0041155399740873,0.0231608917478508,0.0,0.0076213703223839,99.77898026065088,0.0,0.213398369026751,stem
815,0.0038106851611919,0.0221233016308172,0.0,99.80184437161802,0.0076213703223839,0.1676701470924472,0.0228641109671518,stem
816,0.0095267129029799,0.0842838331633876,0.0,0.0228641109671518,98.97111500647816,0.0,1.0060208825546832,stem
817,0.0001524274064476,0.0011525211584295,0.0,0.0076213703223839,99.99237862967762,0.0,0.0,stem
818,0.0103650636384421,0.0483764570175691,0.0,0.5106318115997256,0.0152427406447679,99.4741254477555,0.0,stem
819,0.0001524274064476,0.0011525211584295,0.0,0.0,99.99237862967762,0.0,0.0076213703223839,stem
820,0.0,0.0,0.0,0.0,0.0,100.0,0.0,stem
821,0.0,0.0,0.0,0.0,0.0,100.0,0.0,multiloop
822,0.0012194192515814,0.0080378771863336,0.0,99.93902903742092,0.0076213703223839,0.0457282219343037,0.0076213703223839,multiloop
823,0.0015242740644767,0.0097330673667451,0.0,0.0,99.92378629677616,0.0304854812895358,0.0457282219343037,multiloop
824,0.0067068058836978,0.0335474722309575,0.0,0.0,99.65703833549271,0.0076213703223839,0.3353402941848944,multiloop
825,0.3447907933846506,1.064256493732889,0.0,43.373218504687145,0.1829128877372151,0.7773797728831644,55.66648883469247,multiloop
826,0.2825241978507736,0.9495673566352352,0.0,0.0,63.14305312095114,0.0,36.85694687904885,multiloop
827,0.0323908238701318,0.1365801079681006,0.0,0.0457282219343037,98.14038564133833,0.0,1.8138861367273835,multiloop
828,0.000914564438686,0.0061528641969499,0.0,0.0304854812895358,0.0152427406447679,99.95427177806567,0.0,multiloop
829,0.0006097096257907,0.0043051795348229,0.0,99.96951451871048,0.0152427406447679,0.0152427406447679,0.0,multiloop
830,0.0003048548128953,0.002305033936285,0.0,0.0076213703223839,99.98475725935523,0.0,0.0076213703223839,stem
831,0.0001524274064476,0.0011525211584295,0.0,0.0,0.0076213703223839,0.0,99.99237862967762,stem
832,0.0006097096257907,0.0040003247219275,0.0,0.0304854812895358,0.0,99.96951451871048,0.0,stem
833,0.0983156771587531,0.4783709649551769,0.0,0.0152427406447679,90.968676167975,0.8078652541727003,8.208215837207531,stem
834,0.000457282219343,0.0033051109264797,0.0,0.0152427406447679,0.0076213703223839,0.0,99.97713588903284,stem
835,0.000914564438686,0.00573294383994,0.0,0.0,99.95427177806567,0.0,0.0457282219343037,stem
836,0.0040393262708635,0.0220086054872856,0.0,0.0,99.78660163097324,0.0,0.213398369026751,stem
837,0.0025912659096105,0.0151253404948785,0.0,0.0076213703223839,99.87043670451948,0.0076213703223839,0.1143205548357594,stem
838,0.0003048548128953,0.0021526065298373,0.0,0.0,99.98475725935523,0.0,0.0152427406447679,stem
839,0.0449660849020653,0.181917752716558,0.0,0.0076213703223839,97.32489901684322,0.0457282219343037,2.621751390900084,stem
840,0.0025912659096105,0.0147140424942785,0.0,0.0,99.87043670451948,0.0076213703223839,0.1219419251581434,stem
841,0.0771282676625257,0.3942130794115768,0.0,0.0076213703223839,92.24906638213552,0.0,7.743312247542108,stem
842,0.0030485481289535,0.0175614434986827,0.0,0.0304854812895358,0.1219419251581434,0.0,99.84757259355231,stem
843,0.0015242740644767,0.0093505088720683,0.0,99.92378629677616,0.0,0.0076213703223839,0.0685923329014556,stem
844,0.0001524274064476,0.0011525211584295,0.0,99.99237862967762,0.0,0.0076213703223839,0.0,stem
845,0.0015242740644767,0.0093505088720683,0.0,99.92378629677616,0.0,0.0685923329014556,0.0076213703223839,multiloop
846,0.0606661077661763,0.3603615391926427,0.0,6.851611919823185,93.14838808017682,0.0,0.0,multiloop
847,0.0088407895739654,0.0577079785229161,0.0,0.1752915174148312,0.4191753677311181,99.40553311485404,0.0,multiloop
848,0.1498361405380687,0.7517833208862439,0.0,0.0,21.54561390137947,0.0,78.45438609862053,multiloop
849,0.3443335111653075,1.0019946722351722,0.0,51.92439600640195,0.0152427406447679,48.052739882630895,0.0076213703223839,multiloop
850,0.0062495236643548,0.0316575916173477,0.0,0.0,99.67990244645988,0.0076213703223839,0.3124761832177425,multiloop
851,0.3446383659782028,1.0073279320876691,0.0,0.0914564438686075,46.08642633945584,0.0152427406447679,53.80687447603079,stem
852,0.00853593476107,0.0412938486585906,0.0,0.0152427406447679,99.5655818916241,0.0,0.4191753677311181,stem
853,0.0644767929273683,0.2585560296574629,0.0,95.73965398978736,0.0076213703223839,4.206996417955948,0.0457282219343037,interior loop & bulge
854,0.024235957625181,0.1002852962778872,0.0,0.0,98.69674567487236,0.0,1.303254325127658,stem
855,0.0007621370322383,0.0051528123542275,0.0,0.0304854812895358,0.0076213703223839,0.0,99.96189314838809,stem
856,0.0108223458577852,0.0525475161074124,0.0,0.5639814038564134,0.0076213703223839,99.42077585549882,0.0076213703223839,stem
857,0.3427330233976069,1.0529691208476837,0.0,53.70017529151742,45.59865863882326,0.5868455148235653,0.1143205548357594,stem
858,0.0852831339074765,0.4862134600979851,0.0,7.186952214008079,0.5716027741787973,0.7545156619160125,91.48692934989712,interior loop & bulge
859,0.2929654751924396,0.984970578048053,0.0,0.1829128877372151,61.47397302034906,38.282143129334656,0.0609709625790717,stem
860,0.0153951680512156,0.0745085293217163,0.0,0.2591265909610548,0.5411172928892616,0.0,99.19975611614969,stem
861,0.0237786754058379,0.1176435184053986,0.0,0.0609709625790717,98.52145415745753,0.0457282219343037,1.3718466580291138,stem
862,0.0010669918451337,0.007095374883846,0.0,0.0,99.9466504077433,0.0228641109671518,0.0304854812895358,stem
863,0.3370932093590427,0.9962872066783974,0.0,0.0228641109671518,45.21759012270406,0.0,54.75954576632879,stem
864,0.0025912659096105,0.0157139936895565,0.0,99.86281533419708,0.0,0.1219419251581434,0.0152427406447679,multiloop
865,0.0102126362319945,0.0883455962553895,0.0,98.93300815486624,0.0152427406447679,1.0212636231994512,0.0304854812895358,multiloop
866,0.0032009755354012,0.0190233212851044,0.0,99.83232985290756,0.0,0.1371846658029113,0.0304854812895358,multiloop
867,0.2973096562761985,0.9941021375488368,0.0,0.1676701470924472,38.67845438609862,0.1448060361252953,61.00906943068364,multiloop
868,0.0003048548128953,0.0021526065298373,0.0,99.98475725935523,0.0,0.0152427406447679,0.0,multiloop
869,0.0171480832253639,0.0856825576252302,0.0,0.2591265909610548,0.6935446993369409,0.0,99.047328709702,multiloop
870,0.0054111729288926,0.029381494573115,0.0,0.2286411096715189,0.0381068516119198,99.72563066839416,0.0076213703223839,multiloop
871,0.0028961207225059,0.0181182982938486,0.0,0.1371846658029113,0.0228641109671518,99.83995122322996,0.0,multiloop
872,0.3412849630363539,1.0093239243762766,0.0,0.0914564438686075,45.85778522978431,0.0381068516119198,54.012651474735165,stem
873,0.3387699108299672,1.0087125947631526,0.0,0.1524274064476793,45.28618245560552,0.0,54.56139013794681,stem
874,0.0003048548128953,0.002305033936285,0.0,0.0,99.98475725935523,0.0076213703223839,0.0076213703223839,stem
875,0.3534029418489444,1.3060637709232534,0.0,6.943068363691792,49.59987805807484,43.304626171785685,0.1524274064476793,stem
876,0.000914564438686,0.0061528641969499,0.0,99.95427177806567,0.0,0.0304854812895358,0.0152427406447679,hairpin loop
877,0.0048776770063257,0.0273521353234193,0.0,99.74087340903894,0.0,0.2286411096715189,0.0304854812895358,hairpin loop
878,0.0155475954576632,0.0728254888041812,0.0,99.16927063486015,0.0076213703223839,0.7697584025607804,0.0533495922566877,hairpin loop
879,0.0115844828900236,0.0576273878138134,0.0,99.35980489291974,0.0,0.6097096257907172,0.0304854812895358,hairpin loop
880,0.0021339836902675,0.0127034267295174,0.0,0.0914564438686075,0.0152427406447679,99.89330081548664,0.0,stem
881,0.0376495693925767,0.1433959473303813,0.0,97.96509412392348,0.0,2.034905876076518,0.0,stem
882,0.0010669918451337,0.0065697596904736,0.0,0.0533495922566877,0.0,99.9466504077433,0.0,stem
883,0.0006097096257907,0.0042476467627656,0.0,0.0228641109671518,0.0076213703223839,99.96951451871048,0.0,stem
884,0.3373218504687142,1.045593200117819,0.0,0.2286411096715189,0.2743693316058227,50.01905342580596,49.4779361329167,multiloop
885,0.0007621370322383,0.0054001343950656,0.0,0.0076213703223839,0.0228641109671518,0.0076213703223839,99.96189314838809,stem
886,0.0018291288773721,0.0111455088166843,0.0,0.0152427406447679,0.0762137032238396,0.0,99.9085435561314,stem
887,0.0025912659096105,0.0147140424942785,0.0,0.0,99.87043670451948,0.0076213703223839,0.1219419251581434,stem
888,0.0022864110967151,0.0151669152622863,0.0,0.0,99.87043670451948,0.1066991845133755,0.0228641109671518,stem
889,0.0016767014709244,0.0106957154218949,0.0,0.0152427406447679,0.0609709625790717,0.0076213703223839,99.91616492645376,stem
890,0.0079262251352793,0.0478856371534052,0.0,0.0685923329014556,99.51223229936744,0.0076213703223839,0.4115539974087341,hairpin loop
891,0.000914564438686,0.0060301875355341,0.0,99.95427177806567,0.0076213703223839,0.0381068516119198,0.0,hairpin loop
892,0.0059446688514594,0.0359946389777152,0.0,0.0990778141909915,0.2438838503162868,0.0,99.65703833549271,hairpin loop
893,0.0167670147092447,0.0779466235360035,0.0,0.8535934761070041,0.0381068516119198,99.0930569316363,0.0152427406447679,hairpin loop
894,0.0024388385031628,0.0164610272272288,0.0,0.1524274064476793,0.0,99.84757259355231,0.0,stem
895,0.0228641109671518,0.1218172083122729,0.0,98.55956100906944,0.0,0.9755354012651476,0.4649035896654218,stem
896,0.0073165155094886,0.0376413984130167,0.0,99.6189314838808,0.0304854812895358,0.3505830348296624,0.0,stem
897,0.0001524274064476,0.0011525211584295,0.0,0.0076213703223839,0.0,99.99237862967762,0.0,stem
898,0.0,0.0,0.0,0.0,0.0,100.0,0.0,stem
899,0.0342961664507278,0.1572248664427435,0.0,97.96509412392348,0.3658257754744303,1.6690801006020883,0.0,multiloop
900,0.0239311028122856,0.1052777367653221,0.0,1.265147473515738,0.0609709625790717,98.67388156390518,0.0,multiloop
901,0.0003048548128953,0.0021526065298373,0.0,0.0,99.98475725935523,0.0,0.0152427406447679,multiloop
902,0.2995198536696898,0.9740641316589036,0.0,61.67212864873104,0.1448060361252953,38.18306531514366,0.0,multiloop
903,0.0003048548128953,0.0021526065298373,0.0,0.0,0.0152427406447679,0.0,99.98475725935523,stem
904,0.0001524274064476,0.0011525211584295,0.0,0.0,0.0076213703223839,0.0,99.99237862967762,stem
905,0.0717170947336331,0.4235042205948716,0.0,7.026903437238015,92.38625104793842,0.4039326270863501,0.1829128877372151,stem
906,0.0036582577547443,0.0211146878336841,0.0,0.1905342580595991,0.0076213703223839,99.80184437161802,0.0,hairpin loop
907,0.000914564438686,0.006400186237788,0.0,99.95427177806567,0.0228641109671518,0.0152427406447679,0.0076213703223839,hairpin loop
908,0.0260650865025531,0.130540523868282,0.0,0.5716027741787973,0.9679140309427636,98.45286182455608,0.0076213703223839,hairpin loop
909,0.0003048548128953,0.0021526065298373,0.0,0.0,99.98475725935523,0.0,0.0152427406447679,hairpin loop
910,0.000914564438686,0.00573294383994,0.0,0.0,0.0457282219343037,0.0,99.95427177806567,hairpin loop
911,0.284200899321698,0.958775018327708,0.0,0.0533495922566877,62.95251886289155,0.0152427406447679,36.978888804207,hairpin loop
912,0.0015242740644767,0.0097330673667451,0.0,99.92378629677616,0.0457282219343037,0.0,0.0304854812895358,hairpin loop
913,0.0003048548128953,0.0021526065298373,0.0,0.0,99.98475725935523,0.0,0.0152427406447679,hairpin loop
914,0.0001524274064476,0.0011525211584295,0.0,0.0,0.0076213703223839,99.99237862967762,0.0,hairpin loop
915,0.0003048548128953,0.002305033936285,0.0,99.98475725935523,0.0,0.0076213703223839,0.0076213703223839,stem
916,0.000457282219343,0.0033051109264797,0.0,0.0152427406447679,0.0076213703223839,99.97713588903284,0.0,stem
917,0.000914564438686,0.00573294383994,0.0,0.0457282219343037,0.0,99.95427177806567,0.0,stem
918,0.0001524274064476,0.0011525211584295,0.0,0.0,0.0,99.99237862967762,0.0076213703223839,stem
919,0.000457282219343,0.0033051109264797,0.0,99.97713588903284,0.0076213703223839,0.0152427406447679,0.0,stem
920,0.005182531819221,0.0266509920411722,0.0,99.73325203871656,0.0,0.2667479612834388,0.0,stem
921,0.0,0.0,0.0,0.0,0.0,100.0,0.0,stem
922,0.000457282219343,0.0033051109264797,0.0,99.97713588903284,0.0,0.0152427406447679,0.0076213703223839,stem
923,0.0198155628381983,0.0971612613979097,0.0,98.7653380077738,0.0152427406447679,1.2194192515814344,0.0,interior loop & bulge
924,0.0,0.0,0.0,0.0,100.0,0.0,0.0,interior loop & bulge
925,0.0003048548128953,0.0021526065298373,0.0,99.98475725935523,0.0152427406447679,0.0,0.0,interior loop & bulge
926,0.0841399283591189,0.308313408571474,0.0,0.0,94.47450651627165,0.0,5.525493483728374,stem
927,0.0013718466580291,0.0087222488609631,0.0,0.0533495922566877,0.0,0.0152427406447679,99.93140766709855,stem
928,0.2826766252572212,0.9554259876056536,0.0,37.01699565581892,0.0381068516119198,62.94489749256916,0.0,stem
929,0.0291136346315067,0.1304393388188979,0.0,98.23184208520692,0.0304854812895358,1.737672433503544,0.0,stem
930,0.3444859385717552,1.2803922768348723,0.0,54.41658410182151,0.0,7.164088103040927,38.41932779513756,interior loop & bulge
931,0.0032009755354012,0.0200370739896029,0.0,99.83232985290756,0.0533495922566877,0.0990778141909915,0.0152427406447679,stem
932,0.0037344714579681,0.023017830764854,0.0,0.0914564438686075,0.0990778141909915,99.80184437161802,0.0076213703223839,stem
933,0.0012194192515814,0.0077222221714662,0.0,0.0533495922566877,0.0,99.93902903742092,0.0076213703223839,multiloop
934,0.0001524274064476,0.0011525211584295,0.0,99.99237862967762,0.0,0.0076213703223839,0.0,multiloop
935,0.1936590198917765,0.7195058802438192,0.0,80.16919442115692,0.0076213703223839,19.82318420852069,0.0,stem
936,0.0003048548128953,0.0021526065298373,0.0,0.0152427406447679,0.0,0.0,99.98475725935523,stem
937,0.0013718466580291,0.0093505088720683,0.0,99.92378629677616,0.0,0.0685923329014556,0.0076213703223839,stem
938,0.0025912659096105,0.0155882651135163,0.0,0.0609709625790717,0.0685923329014556,99.87043670451948,0.0,stem
939,0.000457282219343,0.0033051109264797,0.0,0.0076213703223839,0.0,0.0152427406447679,99.97713588903284,stem
940,0.0007621370322383,0.004877708286364,0.0,99.96189314838809,0.0,0.0381068516119198,0.0,stem
941,0.0074689429159362,0.0388143213851225,0.0,0.1143205548357594,0.2591265909610548,99.62655285420318,0.0,hairpin loop
942,0.000914564438686,0.0060301875355341,0.0,99.95427177806567,0.0076213703223839,0.0381068516119198,0.0,hairpin loop
943,0.2863348830119655,0.9601353284471362,0.0,61.999847572593545,0.0076213703223839,37.98490968676168,0.0076213703223839,hairpin loop
944,0.0020577699870436,0.0130818889049341,0.0,0.0152427406447679,99.89330081548664,0.0076213703223839,0.0838350735462236,stem
945,0.0006097096257907,0.0042476467627656,0.0,0.0228641109671518,0.0076213703223839,99.96951451871048,0.0,stem
946,0.000914564438686,0.006400186237788,0.0,0.0152427406447679,0.0228641109671518,0.0076213703223839,99.95427177806567,stem
947,0.0073165155094886,0.039978309049993,0.0,0.0304854812895358,99.6189314838808,0.0609709625790717,0.2896120722505906,stem
948,0.000914564438686,0.00573294383994,0.0,0.0457282219343037,0.0,99.95427177806567,0.0,stem
949,0.0016767014709244,0.0101455072861679,0.0,0.0,99.91616492645376,0.0762137032238396,0.0076213703223839,stem
950,0.0196631354317506,0.0838533869047955,0.0,1.0288849935218352,0.0076213703223839,98.9634936361558,0.0,multiloop
951,0.0022864110967151,0.0128205581196472,0.0,0.1143205548357594,0.0,99.88567944516424,0.0,multiloop
952,0.0028961207225059,0.0161759706351477,0.0,99.8551939638747,0.0,0.1371846658029113,0.0076213703223839,stem
953,0.0018291288773721,0.0122979293660419,0.0,0.0152427406447679,99.900922185809,0.0076213703223839,0.0762137032238396,stem
954,0.0006097096257907,0.0040003247219275,0.0,0.0304854812895358,0.0,99.96951451871048,0.0,stem
955,0.2893072174376953,0.962152704737978,0.0,0.0076213703223839,38.434570535782335,0.0,61.55780809389528,stem
956,0.0006097096257907,0.0044576069412705,0.0,0.0076213703223839,99.96951451871048,0.0152427406447679,0.0076213703223839,stem
957,0.0003048548128953,0.002305033936285,0.0,0.0076213703223839,0.0076213703223839,99.98475725935523,0.0,stem
958,0.0001524274064476,0.0011525211584295,0.0,99.99237862967762,0.0,0.0076213703223839,0.0,stem
959,0.0001524274064476,0.0011525211584295,0.0,0.0,0.0076213703223839,0.0,99.99237862967762,stem
960,0.0091456443868607,0.0432418253288017,0.0,0.44203947869827,0.0076213703223839,99.54271778065696,0.0076213703223839,stem
961,0.0050301044127734,0.0279866299950686,0.0,99.73325203871656,0.0076213703223839,0.2438838503162868,0.0152427406447679,stem
962,0.3400655437847725,1.0281734527244943,0.0,0.3505830348296624,45.392881640118894,0.0304854812895358,54.22604984376191,hairpin loop
963,0.3386936971267434,1.001221188427927,0.0,54.27177806569621,0.0304854812895358,45.6748723420471,0.0228641109671518,hairpin loop
964,0.0538830881792546,0.30653455133313,0.0,5.426415669537383,0.0076213703223839,94.55834158981786,0.0076213703223839,hairpin loop
965,0.0018291288773721,0.0118855062211921,0.0,0.0152427406447679,99.9085435561314,0.0304854812895358,0.0457282219343037,hairpin loop
966,0.0033534029418489,0.0193235875129767,0.0,0.1600487767700632,0.0152427406447679,0.0,99.82470848258517,hairpin loop
967,0.0018291288773721,0.0111455088166843,0.0,99.9085435561314,0.0152427406447679,0.0762137032238396,0.0,hairpin loop
968,0.008078652541727,0.0431005498329375,0.0,0.0076213703223839,99.58844600259128,0.221019739349135,0.1829128877372151,hairpin loop
969,0.0,0.0,0.0,0.0,100.0,0.0,0.0,hairpin loop
970,0.0001524274064476,0.0011525211584295,0.0,0.0,99.99237862967762,0.0,0.0076213703223839,stem
971,0.000914564438686,0.0061528641969499,0.0,0.0,99.95427177806567,0.0304854812895358,0.0152427406447679,stem
972,0.0010669918451337,0.0074002296967413,0.0,0.0228641109671518,0.0152427406447679,99.9466504077433,0.0152427406447679,stem
973,0.0050301044127734,0.0284244520529124,0.0,0.0304854812895358,99.74087340903894,0.0228641109671518,0.205776998704367,stem
974,0.0003048548128953,0.002305033936285,0.0,0.0076213703223839,0.0,0.0076213703223839,99.98475725935523,stem
975,0.000457282219343,0.0033051109264797,0.0,99.97713588903284,0.0,0.0076213703223839,0.0152427406447679,stem
976,0.2902217818763813,0.9623595816569668,0.0,38.465056017071866,0.0076213703223839,61.52732261260575,0.0,stem
977,0.0006097096257907,0.0040003247219275,0.0,0.0,0.0304854812895358,0.0,99.96951451871048,stem
978,0.0007621370322383,0.0052477069886179,0.0,99.96189314838809,0.0,0.0228641109671518,0.0152427406447679,stem
979,0.0006097096257907,0.0044576069412705,0.0,0.0076213703223839,99.96951451871048,0.0076213703223839,0.0152427406447679,stem
980,0.0032009755354012,0.0176133806526915,0.0,99.83995122322996,0.0076213703223839,0.1524274064476793,0.0,multiloop
981,0.0045728221934303,0.0244251342282428,0.0,0.205776998704367,0.0,99.77135889032849,0.0228641109671518,multiloop
982,0.0025912659096105,0.016740643715242,0.0,99.86281533419708,0.0228641109671518,0.0914564438686075,0.0228641109671518,multiloop
983,0.1591342123313771,0.5817632367673389,0.0,13.756573431903057,0.0304854812895358,86.2129410868074,0.0,multiloop
984,0.3328252419785077,1.0019503899554625,0.0,0.0152427406447679,50.40774331224755,0.0,49.57701394710769,stem
985,0.000914564438686,0.0063052916033976,0.0,0.0076213703223839,99.95427177806567,0.0076213703223839,0.0304854812895358,stem
986,0.3333587379010746,0.9905980193567918,0.0,42.49676091761299,0.0609709625790717,57.442268119807935,0.0,stem
987,0.0127276884383812,0.063216668845461,0.0076213703223839,0.6706805883697888,0.0304854812895358,99.2912125600183,0.0,stem
988,0.0028961207225059,0.0169492379655889,0.0,99.8551939638747,0.0381068516119198,0.1066991845133755,0.0,stem
989,0.0217971191220181,0.0899852634075826,0.0,1.1050986967456748,0.0076213703223839,98.87965856260956,0.0076213703223839,stem
990,0.0,0.0,0.0,0.0,100.0,0.0,0.0,3' unpaired
991,0.0001524274064476,0.0011525211584295,0.0,99.99237862967762,0.0,0.0076213703223839,0.0,3' unpaired
992,0.0024388385031628,0.0178763930338996,0.0,99.83232985290756,0.0,0.1676701470924472,0.0,3' unpaired
993,0.3157533724563676,0.9308626297248606,34.30378782105022,65.67334806798263,0.0,0.0076213703223839,0.0152427406447679,3' unpaired
994,0.3531743007392729,0.9869967868327896,43.2970048014633,56.7029951985367,0.0,0.0,0.0,3' unpaired
